Workbook
Name Diagram_Ar: Resultatunderlag!#REF!:INDEX(Resultatunderlag!#REF!,Tidshorisont)
Name Diagram_FinKost: Resultatunderlag!$E$7:INDEX(Resultatunderlag!$E$7:$E$21,Tidshorisont)
Name Diagram_FinNytta: Resultatunderlag!$C$7:INDEX(Resultatunderlag!$C$7:$C$21,Tidshorisont)
Name Diagram_OmfKost: Resultatunderlag!$F$7:INDEX(Resultatunderlag!$F$7:$F$21,Tidshorisont)
Name Diagram_OmfNytta: Resultatunderlag!$D$7:INDEX(Resultatunderlag!$D$7:$D$21,Tidshorisont)
Name Diagram_SamNetto: Resultatunderlag!$G$7:INDEX(Resultatunderlag!$G$7:$G$21,Tidshorisont)
Name Namn_på_förändringen: Start!$B$4
Name Slicer_Bedömning: #N/A
Name Slicer_Bedömning1: #N/A
Name Slicer_Intressent: #N/A
Name Slicer_Intressent1: #N/A
Name Slicer_Intressent2: #N/A
Name Slicer_Intressent3: #N/A
Name Slicer_Intressent4: #N/A
Name Slicer_Intressent5: #N/A
Name Slicer_Intressent6: #N/A
Name Slicer_Intressent7: #N/A
Name Slicer_Kategori: #N/A
Name Slicer_Kategori1: #N/A
Name Slicer_Kategori2: #N/A
Name Slicer_Kategori3: #N/A
Name Slicer_Kategori4: #N/A
Name Slicer_Kategori5: #N/A
Name Startar: Start!$B$7

Sheet Start
B1: Start | C1: =IF(Namn_på_förändringen<>0,Namn_på_förändringen,"") | P1: Excelmall version 7.1
B3: Namn på förändringen
B6: Vilket år vill ni räkna från?
B9: Perspektiv

Sheet Värde nyttor
C1: Värde - nyttor | D1: =IF(Namn_på_förändringen<>0,Namn_på_förändringen,"")
C3: Faktorer som används i flera beräkningar | D3: Troligt | E3: Lägst | F3: Högst | G3: Källa
B12: N01 | D12: Namn
D13: Perspektiv | E13: {=IFERROR(INDEX(_xlfn.ANCHORARRAY(#REF!),#REF!,1),"")}
D14: Kategori
C16: Faktor | D16: Troligt | E16: Lägst | F16: Högst | G16: Källa
C23: Årligt värde (kr) → | I23: N01 | J23: =Startar+COLUMNS($J:J)-1 -> 0 | K23: =Startar+COLUMNS($J:K)-1 -> 1 | L23: =Startar+COLUMNS($J:L)-1 -> 2 | M23: =Startar+COLUMNS($J:M)-1 -> 3 | N23: =Startar+COLUMNS($J:N)-1 -> 4 | O23: =Startar+COLUMNS($J:O)-1 -> 5 | P23: =Startar+COLUMNS($J:P)-1 -> 6 | Q23: =Startar+COLUMNS($J:Q)-1 -> 7 | R23: =Startar+COLUMNS($J:R)-1 -> 8 | S23: =Startar+COLUMNS($J:S)-1 -> 9 | T23: =Startar+COLUMNS($J:T)-1 -> 10 | U23: =Startar+COLUMNS($J:U)-1 -> 11 | V23: =Startar+COLUMNS($J:V)-1 -> 12 | W23: =Startar+COLUMNS($J:W)-1 -> 13 | X23: =Startar+COLUMNS($J:X)-1 -> 14
I24: Troligt | J24: =$D23*J27 -> 0 | K24: =$D23*K27 -> 0 | L24: =$D23*L27 -> 0 | M24: =$D23*M27 -> 0 | N24: =$D23*N27 -> 0 | O24: =$D23*O27 -> 0 | P24: =$D23*P27 -> 0 | Q24: =$D23*Q27 -> 0 | ... X24: =$D23*X27 -> 0
I25: Lägst | J25: =$E23*J27 -> 0 | K25: =$E23*K27 -> 0 | L25: =$E23*L27 -> 0 | M25: =$E23*M27 -> 0 | N25: =$E23*N27 -> 0 | O25: =$E23*O27 -> 0 | P25: =$E23*P27 -> 0 | Q25: =$E23*Q27 -> 0 | ... X25: =$E23*X27 -> 0
I26: Högst | J26: =$F23*J27 -> 0 | K26: =$F23*K27 -> 0 | L26: =$F23*L27 -> 0 | M26: =$F23*M27 -> 0 | N26: =$F23*N27 -> 0 | O26: =$F23*O27 -> 0 | P26: =$F23*P27 -> 0 | Q26: =$F23*Q27 -> 0 | ... X26: =$F23*X27 -> 0
I27: Faktor | J27: 1 | K27: 1 | L27: 1 | M27: 1 | N27: 1 | O27: 1 | P27: 1 | Q27: 1 | R27: 1 | S27: 1 | T27: 1 | U27: 1 | V27: 1 | W27: 1 | X27: 1
B31: N02 | D31: Namn
D32: Perspektiv | E32: {=IFERROR(INDEX(_xlfn.ANCHORARRAY(#REF!),#REF!,1),"")}
D33: Kategori
C35: Faktor | D35: Troligt | E35: Lägst | F35: Högst | G35: Källa
C42: Årligt värde (kr) → | I42: N02 | J42: =Startar+COLUMNS($J:J)-1 -> 0 | K42: =Startar+COLUMNS($J:K)-1 -> 1 | L42: =Startar+COLUMNS($J:L)-1 -> 2 | M42: =Startar+COLUMNS($J:M)-1 -> 3 | N42: =Startar+COLUMNS($J:N)-1 -> 4 | O42: =Startar+COLUMNS($J:O)-1 -> 5 | P42: =Startar+COLUMNS($J:P)-1 -> 6 | Q42: =Startar+COLUMNS($J:Q)-1 -> 7 | R42: =Startar+COLUMNS($J:R)-1 -> 8 | S42: =Startar+COLUMNS($J:S)-1 -> 9 | T42: =Startar+COLUMNS($J:T)-1 -> 10 | U42: =Startar+COLUMNS($J:U)-1 -> 11 | V42: =Startar+COLUMNS($J:V)-1 -> 12 | W42: =Startar+COLUMNS($J:W)-1 -> 13 | X42: =Startar+COLUMNS($J:X)-1 -> 14
I43: Troligt | J43: =$D42*J46 -> 0 | K43: =$D42*K46 -> 0 | L43: =$D42*L46 -> 0 | M43: =$D42*M46 -> 0 | N43: =$D42*N46 -> 0 | O43: =$D42*O46 -> 0 | P43: =$D42*P46 -> 0 | Q43: =$D42*Q46 -> 0 | ... X43: =$D42*X46 -> 0
I44: Lägst | J44: =$E42*J46 -> 0 | K44: =$E42*K46 -> 0 | L44: =$E42*L46 -> 0 | M44: =$E42*M46 -> 0 | N44: =$E42*N46 -> 0 | O44: =$E42*O46 -> 0 | P44: =$E42*P46 -> 0 | Q44: =$E42*Q46 -> 0 | ... X44: =$E42*X46 -> 0
I45: Högst | J45: =$F42*J46 -> 0 | K45: =$F42*K46 -> 0 | L45: =$F42*L46 -> 0 | M45: =$F42*M46 -> 0 | N45: =$F42*N46 -> 0 | O45: =$F42*O46 -> 0 | P45: =$F42*P46 -> 0 | Q45: =$F42*Q46 -> 0 | ... X45: =$F42*X46 -> 0
I46: Faktor | J46: 1 | K46: 1 | L46: 1 | M46: 1 | N46: 1 | O46: 1 | P46: 1 | Q46: 1 | R46: 1 | S46: 1 | T46: 1 | U46: 1 | V46: 1 | W46: 1 | X46: 1
B50: N03 | D50: Namn
D51: Perspektiv | E51: {=IFERROR(INDEX(_xlfn.ANCHORARRAY(#REF!),#REF!,1),"")}
D52: Kategori
C54: Faktor | D54: Troligt | E54: Lägst | F54: Högst | G54: Källa
C61: Årligt värde (kr) → | I61: N03 | J61: =Startar+COLUMNS($J:J)-1 -> 0 | K61: =Startar+COLUMNS($J:K)-1 -> 1 | L61: =Startar+COLUMNS($J:L)-1 -> 2 | M61: =Startar+COLUMNS($J:M)-1 -> 3 | N61: =Startar+COLUMNS($J:N)-1 -> 4 | O61: =Startar+COLUMNS($J:O)-1 -> 5 | P61: =Startar+COLUMNS($J:P)-1 -> 6 | Q61: =Startar+COLUMNS($J:Q)-1 -> 7 | R61: =Startar+COLUMNS($J:R)-1 -> 8 | S61: =Startar+COLUMNS($J:S)-1 -> 9 | T61: =Startar+COLUMNS($J:T)-1 -> 10 | U61: =Startar+COLUMNS($J:U)-1 -> 11 | V61: =Startar+COLUMNS($J:V)-1 -> 12 | W61: =Startar+COLUMNS($J:W)-1 -> 13 | X61: =Startar+COLUMNS($J:X)-1 -> 14
I62: Troligt | J62: =$D61*J65 -> 0 | K62: =$D61*K65 -> 0 | L62: =$D61*L65 -> 0 | M62: =$D61*M65 -> 0 | N62: =$D61*N65 -> 0 | O62: =$D61*O65 -> 0 | P62: =$D61*P65 -> 0 | Q62: =$D61*Q65 -> 0 | ... X62: =$D61*X65 -> 0
I63: Lägst | J63: =$E61*J65 -> 0 | K63: =$E61*K65 -> 0 | L63: =$E61*L65 -> 0 | M63: =$E61*M65 -> 0 | N63: =$E61*N65 -> 0 | O63: =$E61*O65 -> 0 | P63: =$E61*P65 -> 0 | Q63: =$E61*Q65 -> 0 | ... X63: =$E61*X65 -> 0
I64: Högst | J64: =$F61*J65 -> 0 | K64: =$F61*K65 -> 0 | L64: =$F61*L65 -> 0 | M64: =$F61*M65 -> 0 | N64: =$F61*N65 -> 0 | O64: =$F61*O65 -> 0 | P64: =$F61*P65 -> 0 | Q64: =$F61*Q65 -> 0 | ... X64: =$F61*X65 -> 0
I65: Faktor | J65: 1 | K65: 1 | L65: 1 | M65: 1 | N65: 1 | O65: 1 | P65: 1 | Q65: 1 | R65: 1 | S65: 1 | T65: 1 | U65: 1 | V65: 1 | W65: 1 | X65: 1
B69: N04 | D69: Namn
D70: Perspektiv | E70: {=IFERROR(INDEX(_xlfn.ANCHORARRAY(#REF!),#REF!,1),"")}
D71: Kategori
C73: Faktor | D73: Troligt | E73: Lägst | F73: Högst | G73: Källa
C80: Årligt värde (kr) → | I80: N04 | J80: =Startar+COLUMNS($J:J)-1 -> 0 | K80: =Startar+COLUMNS($J:K)-1 -> 1 | L80: =Startar+COLUMNS($J:L)-1 -> 2 | M80: =Startar+COLUMNS($J:M)-1 -> 3 | N80: =Startar+COLUMNS($J:N)-1 -> 4 | O80: =Startar+COLUMNS($J:O)-1 -> 5 | P80: =Startar+COLUMNS($J:P)-1 -> 6 | Q80: =Startar+COLUMNS($J:Q)-1 -> 7 | R80: =Startar+COLUMNS($J:R)-1 -> 8 | S80: =Startar+COLUMNS($J:S)-1 -> 9 | T80: =Startar+COLUMNS($J:T)-1 -> 10 | U80: =Startar+COLUMNS($J:U)-1 -> 11 | V80: =Startar+COLUMNS($J:V)-1 -> 12 | W80: =Startar+COLUMNS($J:W)-1 -> 13 | X80: =Startar+COLUMNS($J:X)-1 -> 14
I81: Troligt | J81: =$D80*J84 -> 0 | K81: =$D80*K84 -> 0 | L81: =$D80*L84 -> 0 | M81: =$D80*M84 -> 0 | N81: =$D80*N84 -> 0 | O81: =$D80*O84 -> 0 | P81: =$D80*P84 -> 0 | Q81: =$D80*Q84 -> 0 | ... X81: =$D80*X84 -> 0
I82: Lägst | J82: =$E80*J84 -> 0 | K82: =$E80*K84 -> 0 | L82: =$E80*L84 -> 0 | M82: =$E80*M84 -> 0 | N82: =$E80*N84 -> 0 | O82: =$E80*O84 -> 0 | P82: =$E80*P84 -> 0 | Q82: =$E80*Q84 -> 0 | ... X82: =$E80*X84 -> 0
I83: Högst | J83: =$F80*J84 -> 0 | K83: =$F80*K84 -> 0 | L83: =$F80*L84 -> 0 | M83: =$F80*M84 -> 0 | N83: =$F80*N84 -> 0 | O83: =$F80*O84 -> 0 | P83: =$F80*P84 -> 0 | Q83: =$F80*Q84 -> 0 | ... X83: =$F80*X84 -> 0
I84: Faktor | J84: 1 | K84: 1 | L84: 1 | M84: 1 | N84: 1 | O84: 1 | P84: 1 | Q84: 1 | R84: 1 | S84: 1 | T84: 1 | U84: 1 | V84: 1 | W84: 1 | X84: 1
B88: N05 | D88: Namn
D89: Perspektiv | E89: {=IFERROR(INDEX(_xlfn.ANCHORARRAY(#REF!),#REF!,1),"")}
D90: Kategori
C92: Faktor | D92: Troligt | E92: Lägst | F92: Högst | G92: Källa
C99: Årligt värde (kr) → | I99: N05 | J99: =Startar+COLUMNS($J:J)-1 -> 0 | K99: =Startar+COLUMNS($J:K)-1 -> 1 | L99: =Startar+COLUMNS($J:L)-1 -> 2 | M99: =Startar+COLUMNS($J:M)-1 -> 3 | N99: =Startar+COLUMNS($J:N)-1 -> 4 | O99: =Startar+COLUMNS($J:O)-1 -> 5 | P99: =Startar+COLUMNS($J:P)-1 -> 6 | Q99: =Startar+COLUMNS($J:Q)-1 -> 7 | R99: =Startar+COLUMNS($J:R)-1 -> 8 | S99: =Startar+COLUMNS($J:S)-1 -> 9 | T99: =Startar+COLUMNS($J:T)-1 -> 10 | U99: =Startar+COLUMNS($J:U)-1 -> 11 | V99: =Startar+COLUMNS($J:V)-1 -> 12 | W99: =Startar+COLUMNS($J:W)-1 -> 13 | X99: =Startar+COLUMNS($J:X)-1 -> 14
I100: Troligt | J100: =$D99*J103 -> 0 | K100: =$D99*K103 -> 0 | L100: =$D99*L103 -> 0 | M100: =$D99*M103 -> 0 | N100: =$D99*N103 -> 0 | O100: =$D99*O103 -> 0 | P100: =$D99*P103 -> 0 | Q100: =$D99*Q103 -> 0 | ... X100: =$D99*X103 -> 0
I101: Lägst | J101: =$E99*J103 -> 0 | K101: =$E99*K103 -> 0 | L101: =$E99*L103 -> 0 | M101: =$E99*M103 -> 0 | N101: =$E99*N103 -> 0 | O101: =$E99*O103 -> 0 | P101: =$E99*P103 -> 0 | Q101: =$E99*Q103 -> 0 | ... X101: =$E99*X103 -> 0
I102: Högst | J102: =$F99*J103 -> 0 | K102: =$F99*K103 -> 0 | L102: =$F99*L103 -> 0 | M102: =$F99*M103 -> 0 | N102: =$F99*N103 -> 0 | O102: =$F99*O103 -> 0 | P102: =$F99*P103 -> 0 | Q102: =$F99*Q103 -> 0 | ... X102: =$F99*X103 -> 0
I103: Faktor | J103: 1 | K103: 1 | L103: 1 | M103: 1 | N103: 1 | O103: 1 | P103: 1 | Q103: 1 | R103: 1 | S103: 1 | T103: 1 | U103: 1 | V103: 1 | W103: 1 | X103: 1
B107: N06 | D107: Namn
D108: Perspektiv | E108: {=IFERROR(INDEX(_xlfn.ANCHORARRAY(#REF!),#REF!,1),"")}
D109: Kategori
C111: Faktor | D111: Troligt | E111: Lägst | F111: Högst | G111: Källa
C118: Årligt värde (kr) → | I118: N06 | J118: =Startar+COLUMNS($J:J)-1 -> 0 | K118: =Startar+COLUMNS($J:K)-1 -> 1 | L118: =Startar+COLUMNS($J:L)-1 -> 2 | M118: =Startar+COLUMNS($J:M)-1 -> 3 | N118: =Startar+COLUMNS($J:N)-1 -> 4 | O118: =Startar+COLUMNS($J:O)-1 -> 5 | P118: =Startar+COLUMNS($J:P)-1 -> 6 | Q118: =Startar+COLUMNS($J:Q)-1 -> 7 | R118: =Startar+COLUMNS($J:R)-1 -> 8 | S118: =Startar+COLUMNS($J:S)-1 -> 9 | T118: =Startar+COLUMNS($J:T)-1 -> 10 | U118: =Startar+COLUMNS($J:U)-1 -> 11 | V118: =Startar+COLUMNS($J:V)-1 -> 12 | W118: =Startar+COLUMNS($J:W)-1 -> 13 | X118: =Startar+COLUMNS($J:X)-1 -> 14
I119: Troligt | J119: =$D118*J122 -> 0 | K119: =$D118*K122 -> 0 | L119: =$D118*L122 -> 0 | M119: =$D118*M122 -> 0 | N119: =$D118*N122 -> 0 | O119: =$D118*O122 -> 0 | P119: =$D118*P122 -> 0 | Q119: =$D118*Q122 -> 0 | ... X119: =$D118*X122 -> 0
I120: Lägst | J120: =$E118*J122 -> 0 | K120: =$E118*K122 -> 0 | L120: =$E118*L122 -> 0 | M120: =$E118*M122 -> 0 | N120: =$E118*N122 -> 0 | O120: =$E118*O122 -> 0 | P120: =$E118*P122 -> 0 | Q120: =$E118*Q122 -> 0 | ... X120: =$E118*X122 -> 0
I121: Högst | J121: =$F118*J122 -> 0 | K121: =$F118*K122 -> 0 | L121: =$F118*L122 -> 0 | M121: =$F118*M122 -> 0 | N121: =$F118*N122 -> 0 | O121: =$F118*O122 -> 0 | P121: =$F118*P122 -> 0 | Q121: =$F118*Q122 -> 0 | ... X121: =$F118*X122 -> 0
I122: Faktor | J122: 1 | K122: 1 | L122: 1 | M122: 1 | N122: 1 | O122: 1 | P122: 1 | Q122: 1 | R122: 1 | S122: 1 | T122: 1 | U122: 1 | V122: 1 | W122: 1 | X122: 1
B126: N07 | D126: Namn
D127: Perspektiv | E127: {=IFERROR(INDEX(_xlfn.ANCHORARRAY(#REF!),#REF!,1),"")}
D128: Kategori
C130: Faktor | D130: Troligt | E130: Lägst | F130: Högst | G130: Källa
C137: Årligt värde (kr) → | I137: N07 | J137: =Startar+COLUMNS($J:J)-1 -> 0 | K137: =Startar+COLUMNS($J:K)-1 -> 1 | L137: =Startar+COLUMNS($J:L)-1 -> 2 | M137: =Startar+COLUMNS($J:M)-1 -> 3 | N137: =Startar+COLUMNS($J:N)-1 -> 4 | O137: =Startar+COLUMNS($J:O)-1 -> 5 | P137: =Startar+COLUMNS($J:P)-1 -> 6 | Q137: =Startar+COLUMNS($J:Q)-1 -> 7 | R137: =Startar+COLUMNS($J:R)-1 -> 8 | S137: =Startar+COLUMNS($J:S)-1 -> 9 | T137: =Startar+COLUMNS($J:T)-1 -> 10 | U137: =Startar+COLUMNS($J:U)-1 -> 11 | V137: =Startar+COLUMNS($J:V)-1 -> 12 | W137: =Startar+COLUMNS($J:W)-1 -> 13 | X137: =Startar+COLUMNS($J:X)-1 -> 14
I138: Troligt | J138: =$D137*J141 -> 0 | K138: =$D137*K141 -> 0 | L138: =$D137*L141 -> 0 | M138: =$D137*M141 -> 0 | N138: =$D137*N141 -> 0 | O138: =$D137*O141 -> 0 | P138: =$D137*P141 -> 0 | Q138: =$D137*Q141 -> 0 | ... X138: =$D137*X141 -> 0
I139: Lägst | J139: =$E137*J141 -> 0 | K139: =$E137*K141 -> 0 | L139: =$E137*L141 -> 0 | M139: =$E137*M141 -> 0 | N139: =$E137*N141 -> 0 | O139: =$E137*O141 -> 0 | P139: =$E137*P141 -> 0 | Q139: =$E137*Q141 -> 0 | ... X139: =$E137*X141 -> 0
I140: Högst | J140: =$F137*J141 -> 0 | K140: =$F137*K141 -> 0 | L140: =$F137*L141 -> 0 | M140: =$F137*M141 -> 0 | N140: =$F137*N141 -> 0 | O140: =$F137*O141 -> 0 | P140: =$F137*P141 -> 0 | Q140: =$F137*Q141 -> 0 | ... X140: =$F137*X141 -> 0
I141: Faktor | J141: 1 | K141: 1 | L141: 1 | M141: 1 | N141: 1 | O141: 1 | P141: 1 | Q141: 1 | R141: 1 | S141: 1 | T141: 1 | U141: 1 | V141: 1 | W141: 1 | X141: 1
B145: N08 | D145: Namn
D146: Perspektiv | E146: {=IFERROR(INDEX(_xlfn.ANCHORARRAY(#REF!),#REF!,1),"")}
D147: Kategori
C149: Faktor | D149: Troligt | E149: Lägst | F149: Högst | G149: Källa
C156: Årligt värde (kr) → | I156: N08 | J156: =Startar+COLUMNS($J:J)-1 -> 0 | K156: =Startar+COLUMNS($J:K)-1 -> 1 | L156: =Startar+COLUMNS($J:L)-1 -> 2 | M156: =Startar+COLUMNS($J:M)-1 -> 3 | N156: =Startar+COLUMNS($J:N)-1 -> 4 | O156: =Startar+COLUMNS($J:O)-1 -> 5 | P156: =Startar+COLUMNS($J:P)-1 -> 6 | Q156: =Startar+COLUMNS($J:Q)-1 -> 7 | R156: =Startar+COLUMNS($J:R)-1 -> 8 | S156: =Startar+COLUMNS($J:S)-1 -> 9 | T156: =Startar+COLUMNS($J:T)-1 -> 10 | U156: =Startar+COLUMNS($J:U)-1 -> 11 | V156: =Startar+COLUMNS($J:V)-1 -> 12 | W156: =Startar+COLUMNS($J:W)-1 -> 13 | X156: =Startar+COLUMNS($J:X)-1 -> 14
I157: Troligt | J157: =$D156*J160 -> 0 | K157: =$D156*K160 -> 0 | L157: =$D156*L160 -> 0 | M157: =$D156*M160 -> 0 | N157: =$D156*N160 -> 0 | O157: =$D156*O160 -> 0 | P157: =$D156*P160 -> 0 | Q157: =$D156*Q160 -> 0 | ... X157: =$D156*X160 -> 0
I158: Lägst | J158: =$E156*J160 -> 0 | K158: =$E156*K160 -> 0 | L158: =$E156*L160 -> 0 | M158: =$E156*M160 -> 0 | N158: =$E156*N160 -> 0 | O158: =$E156*O160 -> 0 | P158: =$E156*P160 -> 0 | Q158: =$E156*Q160 -> 0 | ... X158: =$E156*X160 -> 0
I159: Högst | J159: =$F156*J160 -> 0 | K159: =$F156*K160 -> 0 | L159: =$F156*L160 -> 0 | M159: =$F156*M160 -> 0 | N159: =$F156*N160 -> 0 | O159: =$F156*O160 -> 0 | P159: =$F156*P160 -> 0 | Q159: =$F156*Q160 -> 0 | ... X159: =$F156*X160 -> 0
I160: Faktor | J160: 1 | K160: 1 | L160: 1 | M160: 1 | N160: 1 | O160: 1 | P160: 1 | Q160: 1 | R160: 1 | S160: 1 | T160: 1 | U160: 1 | V160: 1 | W160: 1 | X160: 1
B164: N09 | D164: Namn
D165: Perspektiv | E165: {=IFERROR(INDEX(_xlfn.ANCHORARRAY(#REF!),#REF!,1),"")}
D166: Kategori
C168: Faktor | D168: Troligt | E168: Lägst | F168: Högst | G168: Källa
C175: Årligt värde (kr) → | I175: N09 | J175: =Startar+COLUMNS($J:J)-1 -> 0 | K175: =Startar+COLUMNS($J:K)-1 -> 1 | L175: =Startar+COLUMNS($J:L)-1 -> 2 | M175: =Startar+COLUMNS($J:M)-1 -> 3 | N175: =Startar+COLUMNS($J:N)-1 -> 4 | O175: =Startar+COLUMNS($J:O)-1 -> 5 | P175: =Startar+COLUMNS($J:P)-1 -> 6 | Q175: =Startar+COLUMNS($J:Q)-1 -> 7 | R175: =Startar+COLUMNS($J:R)-1 -> 8 | S175: =Startar+COLUMNS($J:S)-1 -> 9 | T175: =Startar+COLUMNS($J:T)-1 -> 10 | U175: =Startar+COLUMNS($J:U)-1 -> 11 | V175: =Startar+COLUMNS($J:V)-1 -> 12 | W175: =Startar+COLUMNS($J:W)-1 -> 13 | X175: =Startar+COLUMNS($J:X)-1 -> 14
I176: Troligt | J176: =$D175*J179 -> 0 | K176: =$D175*K179 -> 0 | L176: =$D175*L179 -> 0 | M176: =$D175*M179 -> 0 | N176: =$D175*N179 -> 0 | O176: =$D175*O179 -> 0 | P176: =$D175*P179 -> 0 | Q176: =$D175*Q179 -> 0 | ... X176: =$D175*X179 -> 0
I177: Lägst | J177: =$E175*J179 -> 0 | K177: =$E175*K179 -> 0 | L177: =$E175*L179 -> 0 | M177: =$E175*M179 -> 0 | N177: =$E175*N179 -> 0 | O177: =$E175*O179 -> 0 | P177: =$E175*P179 -> 0 | Q177: =$E175*Q179 -> 0 | ... X177: =$E175*X179 -> 0
I178: Högst | J178: =$F175*J179 -> 0 | K178: =$F175*K179 -> 0 | L178: =$F175*L179 -> 0 | M178: =$F175*M179 -> 0 | N178: =$F175*N179 -> 0 | O178: =$F175*O179 -> 0 | P178: =$F175*P179 -> 0 | Q178: =$F175*Q179 -> 0 | ... X178: =$F175*X179 -> 0
I179: Faktor | J179: 1 | K179: 1 | L179: 1 | M179: 1 | N179: 1 | O179: 1 | P179: 1 | Q179: 1 | R179: 1 | S179: 1 | T179: 1 | U179: 1 | V179: 1 | W179: 1 | X179: 1
B183: N10 | D183: Namn
D184: Perspektiv | E184: {=IFERROR(INDEX(_xlfn.ANCHORARRAY(#REF!),#REF!,1),"")}
D185: Kategori
C187: Faktor | D187: Troligt | E187: Lägst | F187: Högst | G187: Källa
C194: Årligt värde (kr) → | I194: N10 | J194: =Startar+COLUMNS($J:J)-1 -> 0 | K194: =Startar+COLUMNS($J:K)-1 -> 1 | L194: =Startar+COLUMNS($J:L)-1 -> 2 | M194: =Startar+COLUMNS($J:M)-1 -> 3 | N194: =Startar+COLUMNS($J:N)-1 -> 4 | O194: =Startar+COLUMNS($J:O)-1 -> 5 | P194: =Startar+COLUMNS($J:P)-1 -> 6 | Q194: =Startar+COLUMNS($J:Q)-1 -> 7 | R194: =Startar+COLUMNS($J:R)-1 -> 8 | S194: =Startar+COLUMNS($J:S)-1 -> 9 | T194: =Startar+COLUMNS($J:T)-1 -> 10 | U194: =Startar+COLUMNS($J:U)-1 -> 11 | V194: =Startar+COLUMNS($J:V)-1 -> 12 | W194: =Startar+COLUMNS($J:W)-1 -> 13 | X194: =Startar+COLUMNS($J:X)-1 -> 14
I195: Troligt | J195: =$D194*J198 -> 0 | K195: =$D194*K198 -> 0 | L195: =$D194*L198 -> 0 | M195: =$D194*M198 -> 0 | N195: =$D194*N198 -> 0 | O195: =$D194*O198 -> 0 | P195: =$D194*P198 -> 0 | Q195: =$D194*Q198 -> 0 | ... X195: =$D194*X198 -> 0
I196: Lägst | J196: =$E194*J198 -> 0 | K196: =$E194*K198 -> 0 | L196: =$E194*L198 -> 0 | M196: =$E194*M198 -> 0 | N196: =$E194*N198 -> 0 | O196: =$E194*O198 -> 0 | P196: =$E194*P198 -> 0 | Q196: =$E194*Q198 -> 0 | ... X196: =$E194*X198 -> 0
I197: Högst | J197: =$F194*J198 -> 0 | K197: =$F194*K198 -> 0 | L197: =$F194*L198 -> 0 | M197: =$F194*M198 -> 0 | N197: =$F194*N198 -> 0 | O197: =$F194*O198 -> 0 | P197: =$F194*P198 -> 0 | Q197: =$F194*Q198 -> 0 | ... X197: =$F194*X198 -> 0
I198: Faktor | J198: 1 | K198: 1 | L198: 1 | M198: 1 | N198: 1 | O198: 1 | P198: 1 | Q198: 1 | R198: 1 | S198: 1 | T198: 1 | U198: 1 | V198: 1 | W198: 1 | X198: 1
B202: N11 | D202: Namn
D203: Perspektiv | E203: {=IFERROR(INDEX(_xlfn.ANCHORARRAY(#REF!),#REF!,1),"")}
D204: Kategori
C206: Faktor | D206: Troligt | E206: Lägst | F206: Högst | G206: Källa
C213: Årligt värde (kr) → | I213: N11 | J213: =Startar+COLUMNS($J:J)-1 -> 0 | K213: =Startar+COLUMNS($J:K)-1 -> 1 | L213: =Startar+COLUMNS($J:L)-1 -> 2 | M213: =Startar+COLUMNS($J:M)-1 -> 3 | N213: =Startar+COLUMNS($J:N)-1 -> 4 | O213: =Startar+COLUMNS($J:O)-1 -> 5 | P213: =Startar+COLUMNS($J:P)-1 -> 6 | Q213: =Startar+COLUMNS($J:Q)-1 -> 7 | R213: =Startar+COLUMNS($J:R)-1 -> 8 | S213: =Startar+COLUMNS($J:S)-1 -> 9 | T213: =Startar+COLUMNS($J:T)-1 -> 10 | U213: =Startar+COLUMNS($J:U)-1 -> 11 | V213: =Startar+COLUMNS($J:V)-1 -> 12 | W213: =Startar+COLUMNS($J:W)-1 -> 13 | X213: =Startar+COLUMNS($J:X)-1 -> 14
I214: Troligt | J214: =$D213*J217 -> 0 | K214: =$D213*K217 -> 0 | L214: =$D213*L217 -> 0 | M214: =$D213*M217 -> 0 | N214: =$D213*N217 -> 0 | O214: =$D213*O217 -> 0 | P214: =$D213*P217 -> 0 | Q214: =$D213*Q217 -> 0 | ... X214: =$D213*X217 -> 0
I215: Lägst | J215: =$E213*J217 -> 0 | K215: =$E213*K217 -> 0 | L215: =$E213*L217 -> 0 | M215: =$E213*M217 -> 0 | N215: =$E213*N217 -> 0 | O215: =$E213*O217 -> 0 | P215: =$E213*P217 -> 0 | Q215: =$E213*Q217 -> 0 | ... X215: =$E213*X217 -> 0
I216: Högst | J216: =$F213*J217 -> 0 | K216: =$F213*K217 -> 0 | L216: =$F213*L217 -> 0 | M216: =$F213*M217 -> 0 | N216: =$F213*N217 -> 0 | O216: =$F213*O217 -> 0 | P216: =$F213*P217 -> 0 | Q216: =$F213*Q217 -> 0 | ... X216: =$F213*X217 -> 0
...

Sheet Värde kostnader
C1: Värde - kostnader | D1: =IF(Namn_på_förändringen<>0,Namn_på_förändringen,"")
C3: Faktorer som används i flera beräkningar | D3: Troligt | E3: Lägst | F3: Högst | G3: Källa
B12: K01 | D12: Namn
D13: Perspektiv | E13: {=IFERROR(INDEX(_xlfn.ANCHORARRAY(#REF!),#REF!,1),"")}
D14: Kategori
C16: Faktor | D16: Troligt | E16: Lägst | F16: Högst | G16: Källa
C23: Årligt värde (kr) → | I23: K01 | J23: =Startar+COLUMNS($J:J)-1 -> 0 | K23: =Startar+COLUMNS($J:K)-1 -> 1 | L23: =Startar+COLUMNS($J:L)-1 -> 2 | M23: =Startar+COLUMNS($J:M)-1 -> 3 | N23: =Startar+COLUMNS($J:N)-1 -> 4 | O23: =Startar+COLUMNS($J:O)-1 -> 5 | P23: =Startar+COLUMNS($J:P)-1 -> 6 | Q23: =Startar+COLUMNS($J:Q)-1 -> 7 | R23: =Startar+COLUMNS($J:R)-1 -> 8 | S23: =Startar+COLUMNS($J:S)-1 -> 9 | T23: =Startar+COLUMNS($J:T)-1 -> 10 | U23: =Startar+COLUMNS($J:U)-1 -> 11 | V23: =Startar+COLUMNS($J:V)-1 -> 12 | W23: =Startar+COLUMNS($J:W)-1 -> 13 | X23: =Startar+COLUMNS($J:X)-1 -> 14
I24: Troligt | J24: =$D23*J27 -> 0 | K24: =$D23*K27 -> 0 | L24: =$D23*L27 -> 0 | M24: =$D23*M27 -> 0 | N24: =$D23*N27 -> 0 | O24: =$D23*O27 -> 0 | P24: =$D23*P27 -> 0 | Q24: =$D23*Q27 -> 0 | ... X24: =$D23*X27 -> 0
I25: Lägst | J25: =$E23*J27 -> 0 | K25: =$E23*K27 -> 0 | L25: =$E23*L27 -> 0 | M25: =$E23*M27 -> 0 | N25: =$E23*N27 -> 0 | O25: =$E23*O27 -> 0 | P25: =$E23*P27 -> 0 | Q25: =$E23*Q27 -> 0 | ... X25: =$E23*X27 -> 0
I26: Högst | J26: =$F23*J27 -> 0 | K26: =$F23*K27 -> 0 | L26: =$F23*L27 -> 0 | M26: =$F23*M27 -> 0 | N26: =$F23*N27 -> 0 | O26: =$F23*O27 -> 0 | P26: =$F23*P27 -> 0 | Q26: =$F23*Q27 -> 0 | ... X26: =$F23*X27 -> 0
I27: Faktor | J27: 1 | K27: 1 | L27: 1 | M27: 1 | N27: 1 | O27: 1 | P27: 1 | Q27: 1 | R27: 1 | S27: 1 | T27: 1 | U27: 1 | V27: 1 | W27: 1 | X27: 1
B31: K02 | D31: Namn
D32: Perspektiv | E32: {=IFERROR(INDEX(_xlfn.ANCHORARRAY(#REF!),#REF!,1),"")}
D33: Kategori
C35: Faktor | D35: Troligt | E35: Lägst | F35: Högst | G35: Källa
C42: Årligt värde (kr) → | I42: K02 | J42: =Startar+COLUMNS($J:J)-1 -> 0 | K42: =Startar+COLUMNS($J:K)-1 -> 1 | L42: =Startar+COLUMNS($J:L)-1 -> 2 | M42: =Startar+COLUMNS($J:M)-1 -> 3 | N42: =Startar+COLUMNS($J:N)-1 -> 4 | O42: =Startar+COLUMNS($J:O)-1 -> 5 | P42: =Startar+COLUMNS($J:P)-1 -> 6 | Q42: =Startar+COLUMNS($J:Q)-1 -> 7 | R42: =Startar+COLUMNS($J:R)-1 -> 8 | S42: =Startar+COLUMNS($J:S)-1 -> 9 | T42: =Startar+COLUMNS($J:T)-1 -> 10 | U42: =Startar+COLUMNS($J:U)-1 -> 11 | V42: =Startar+COLUMNS($J:V)-1 -> 12 | W42: =Startar+COLUMNS($J:W)-1 -> 13 | X42: =Startar+COLUMNS($J:X)-1 -> 14
I43: Troligt | J43: =$D42*J46 -> 0 | K43: =$D42*K46 -> 0 | L43: =$D42*L46 -> 0 | M43: =$D42*M46 -> 0 | N43: =$D42*N46 -> 0 | O43: =$D42*O46 -> 0 | P43: =$D42*P46 -> 0 | Q43: =$D42*Q46 -> 0 | ... X43: =$D42*X46 -> 0
I44: Lägst | J44: =$E42*J46 -> 0 | K44: =$E42*K46 -> 0 | L44: =$E42*L46 -> 0 | M44: =$E42*M46 -> 0 | N44: =$E42*N46 -> 0 | O44: =$E42*O46 -> 0 | P44: =$E42*P46 -> 0 | Q44: =$E42*Q46 -> 0 | ... X44: =$E42*X46 -> 0
I45: Högst | J45: =$F42*J46 -> 0 | K45: =$F42*K46 -> 0 | L45: =$F42*L46 -> 0 | M45: =$F42*M46 -> 0 | N45: =$F42*N46 -> 0 | O45: =$F42*O46 -> 0 | P45: =$F42*P46 -> 0 | Q45: =$F42*Q46 -> 0 | ... X45: =$F42*X46 -> 0
I46: Faktor | J46: 1 | K46: 1 | L46: 1 | M46: 1 | N46: 1 | O46: 1 | P46: 1 | Q46: 1 | R46: 1 | S46: 1 | T46: 1 | U46: 1 | V46: 1 | W46: 1 | X46: 1
B50: K03 | D50: Namn
D51: Perspektiv | E51: {=IFERROR(INDEX(_xlfn.ANCHORARRAY(#REF!),#REF!,1),"")}
D52: Kategori
C54: Faktor | D54: Troligt | E54: Lägst | F54: Högst | G54: Källa
C61: Årligt värde (kr) → | I61: K03 | J61: =Startar+COLUMNS($J:J)-1 -> 0 | K61: =Startar+COLUMNS($J:K)-1 -> 1 | L61: =Startar+COLUMNS($J:L)-1 -> 2 | M61: =Startar+COLUMNS($J:M)-1 -> 3 | N61: =Startar+COLUMNS($J:N)-1 -> 4 | O61: =Startar+COLUMNS($J:O)-1 -> 5 | P61: =Startar+COLUMNS($J:P)-1 -> 6 | Q61: =Startar+COLUMNS($J:Q)-1 -> 7 | R61: =Startar+COLUMNS($J:R)-1 -> 8 | S61: =Startar+COLUMNS($J:S)-1 -> 9 | T61: =Startar+COLUMNS($J:T)-1 -> 10 | U61: =Startar+COLUMNS($J:U)-1 -> 11 | V61: =Startar+COLUMNS($J:V)-1 -> 12 | W61: =Startar+COLUMNS($J:W)-1 -> 13 | X61: =Startar+COLUMNS($J:X)-1 -> 14
I62: Troligt | J62: =$D61*J65 -> 0 | K62: =$D61*K65 -> 0 | L62: =$D61*L65 -> 0 | M62: =$D61*M65 -> 0 | N62: =$D61*N65 -> 0 | O62: =$D61*O65 -> 0 | P62: =$D61*P65 -> 0 | Q62: =$D61*Q65 -> 0 | ... X62: =$D61*X65 -> 0
I63: Lägst | J63: =$E61*J65 -> 0 | K63: =$E61*K65 -> 0 | L63: =$E61*L65 -> 0 | M63: =$E61*M65 -> 0 | N63: =$E61*N65 -> 0 | O63: =$E61*O65 -> 0 | P63: =$E61*P65 -> 0 | Q63: =$E61*Q65 -> 0 | ... X63: =$E61*X65 -> 0
I64: Högst | J64: =$F61*J65 -> 0 | K64: =$F61*K65 -> 0 | L64: =$F61*L65 -> 0 | M64: =$F61*M65 -> 0 | N64: =$F61*N65 -> 0 | O64: =$F61*O65 -> 0 | P64: =$F61*P65 -> 0 | Q64: =$F61*Q65 -> 0 | ... X64: =$F61*X65 -> 0
I65: Faktor | J65: 1 | K65: 1 | L65: 1 | M65: 1 | N65: 1 | O65: 1 | P65: 1 | Q65: 1 | R65: 1 | S65: 1 | T65: 1 | U65: 1 | V65: 1 | W65: 1 | X65: 1
B69: K04 | D69: Namn
D70: Perspektiv | E70: {=IFERROR(INDEX(_xlfn.ANCHORARRAY(#REF!),#REF!,1),"")}
D71: Kategori
C73: Faktor | D73: Troligt | E73: Lägst | F73: Högst | G73: Källa
C80: Årligt värde (kr) → | I80: K04 | J80: =Startar+COLUMNS($J:J)-1 -> 0 | K80: =Startar+COLUMNS($J:K)-1 -> 1 | L80: =Startar+COLUMNS($J:L)-1 -> 2 | M80: =Startar+COLUMNS($J:M)-1 -> 3 | N80: =Startar+COLUMNS($J:N)-1 -> 4 | O80: =Startar+COLUMNS($J:O)-1 -> 5 | P80: =Startar+COLUMNS($J:P)-1 -> 6 | Q80: =Startar+COLUMNS($J:Q)-1 -> 7 | R80: =Startar+COLUMNS($J:R)-1 -> 8 | S80: =Startar+COLUMNS($J:S)-1 -> 9 | T80: =Startar+COLUMNS($J:T)-1 -> 10 | U80: =Startar+COLUMNS($J:U)-1 -> 11 | V80: =Startar+COLUMNS($J:V)-1 -> 12 | W80: =Startar+COLUMNS($J:W)-1 -> 13 | X80: =Startar+COLUMNS($J:X)-1 -> 14
I81: Troligt | J81: =$D80*J84 -> 0 | K81: =$D80*K84 -> 0 | L81: =$D80*L84 -> 0 | M81: =$D80*M84 -> 0 | N81: =$D80*N84 -> 0 | O81: =$D80*O84 -> 0 | P81: =$D80*P84 -> 0 | Q81: =$D80*Q84 -> 0 | ... X81: =$D80*X84 -> 0
I82: Lägst | J82: =$E80*J84 -> 0 | K82: =$E80*K84 -> 0 | L82: =$E80*L84 -> 0 | M82: =$E80*M84 -> 0 | N82: =$E80*N84 -> 0 | O82: =$E80*O84 -> 0 | P82: =$E80*P84 -> 0 | Q82: =$E80*Q84 -> 0 | ... X82: =$E80*X84 -> 0
I83: Högst | J83: =$F80*J84 -> 0 | K83: =$F80*K84 -> 0 | L83: =$F80*L84 -> 0 | M83: =$F80*M84 -> 0 | N83: =$F80*N84 -> 0 | O83: =$F80*O84 -> 0 | P83: =$F80*P84 -> 0 | Q83: =$F80*Q84 -> 0 | ... X83: =$F80*X84 -> 0
I84: Faktor | J84: 1 | K84: 1 | L84: 1 | M84: 1 | N84: 1 | O84: 1 | P84: 1 | Q84: 1 | R84: 1 | S84: 1 | T84: 1 | U84: 1 | V84: 1 | W84: 1 | X84: 1
B88: K05 | D88: Namn
D89: Perspektiv | E89: {=IFERROR(INDEX(_xlfn.ANCHORARRAY(#REF!),#REF!,1),"")}
D90: Kategori
C92: Faktor | D92: Troligt | E92: Lägst | F92: Högst | G92: Källa
C99: Årligt värde (kr) → | I99: K05 | J99: =Startar+COLUMNS($J:J)-1 -> 0 | K99: =Startar+COLUMNS($J:K)-1 -> 1 | L99: =Startar+COLUMNS($J:L)-1 -> 2 | M99: =Startar+COLUMNS($J:M)-1 -> 3 | N99: =Startar+COLUMNS($J:N)-1 -> 4 | O99: =Startar+COLUMNS($J:O)-1 -> 5 | P99: =Startar+COLUMNS($J:P)-1 -> 6 | Q99: =Startar+COLUMNS($J:Q)-1 -> 7 | R99: =Startar+COLUMNS($J:R)-1 -> 8 | S99: =Startar+COLUMNS($J:S)-1 -> 9 | T99: =Startar+COLUMNS($J:T)-1 -> 10 | U99: =Startar+COLUMNS($J:U)-1 -> 11 | V99: =Startar+COLUMNS($J:V)-1 -> 12 | W99: =Startar+COLUMNS($J:W)-1 -> 13 | X99: =Startar+COLUMNS($J:X)-1 -> 14
I100: Troligt | J100: =$D99*J103 -> 0 | K100: =$D99*K103 -> 0 | L100: =$D99*L103 -> 0 | M100: =$D99*M103 -> 0 | N100: =$D99*N103 -> 0 | O100: =$D99*O103 -> 0 | P100: =$D99*P103 -> 0 | Q100: =$D99*Q103 -> 0 | ... X100: =$D99*X103 -> 0
I101: Lägst | J101: =$E99*J103 -> 0 | K101: =$E99*K103 -> 0 | L101: =$E99*L103 -> 0 | M101: =$E99*M103 -> 0 | N101: =$E99*N103 -> 0 | O101: =$E99*O103 -> 0 | P101: =$E99*P103 -> 0 | Q101: =$E99*Q103 -> 0 | ... X101: =$E99*X103 -> 0
I102: Högst | J102: =$F99*J103 -> 0 | K102: =$F99*K103 -> 0 | L102: =$F99*L103 -> 0 | M102: =$F99*M103 -> 0 | N102: =$F99*N103 -> 0 | O102: =$F99*O103 -> 0 | P102: =$F99*P103 -> 0 | Q102: =$F99*Q103 -> 0 | ... X102: =$F99*X103 -> 0
I103: Faktor | J103: 1 | K103: 1 | L103: 1 | M103: 1 | N103: 1 | O103: 1 | P103: 1 | Q103: 1 | R103: 1 | S103: 1 | T103: 1 | U103: 1 | V103: 1 | W103: 1 | X103: 1
B107: K06 | D107: Namn
D108: Perspektiv | E108: {=IFERROR(INDEX(_xlfn.ANCHORARRAY(#REF!),#REF!,1),"")}
D109: Kategori
C111: Faktor | D111: Troligt | E111: Lägst | F111: Högst | G111: Källa
C118: Årligt värde (kr) → | I118: K06 | J118: =Startar+COLUMNS($J:J)-1 -> 0 | K118: =Startar+COLUMNS($J:K)-1 -> 1 | L118: =Startar+COLUMNS($J:L)-1 -> 2 | M118: =Startar+COLUMNS($J:M)-1 -> 3 | N118: =Startar+COLUMNS($J:N)-1 -> 4 | O118: =Startar+COLUMNS($J:O)-1 -> 5 | P118: =Startar+COLUMNS($J:P)-1 -> 6 | Q118: =Startar+COLUMNS($J:Q)-1 -> 7 | R118: =Startar+COLUMNS($J:R)-1 -> 8 | S118: =Startar+COLUMNS($J:S)-1 -> 9 | T118: =Startar+COLUMNS($J:T)-1 -> 10 | U118: =Startar+COLUMNS($J:U)-1 -> 11 | V118: =Startar+COLUMNS($J:V)-1 -> 12 | W118: =Startar+COLUMNS($J:W)-1 -> 13 | X118: =Startar+COLUMNS($J:X)-1 -> 14
I119: Troligt | J119: =$D118*J122 -> 0 | K119: =$D118*K122 -> 0 | L119: =$D118*L122 -> 0 | M119: =$D118*M122 -> 0 | N119: =$D118*N122 -> 0 | O119: =$D118*O122 -> 0 | P119: =$D118*P122 -> 0 | Q119: =$D118*Q122 -> 0 | ... X119: =$D118*X122 -> 0
I120: Lägst | J120: =$E118*J122 -> 0 | K120: =$E118*K122 -> 0 | L120: =$E118*L122 -> 0 | M120: =$E118*M122 -> 0 | N120: =$E118*N122 -> 0 | O120: =$E118*O122 -> 0 | P120: =$E118*P122 -> 0 | Q120: =$E118*Q122 -> 0 | ... X120: =$E118*X122 -> 0
I121: Högst | J121: =$F118*J122 -> 0 | K121: =$F118*K122 -> 0 | L121: =$F118*L122 -> 0 | M121: =$F118*M122 -> 0 | N121: =$F118*N122 -> 0 | O121: =$F118*O122 -> 0 | P121: =$F118*P122 -> 0 | Q121: =$F118*Q122 -> 0 | ... X121: =$F118*X122 -> 0
I122: Faktor | J122: 1 | K122: 1 | L122: 1 | M122: 1 | N122: 1 | O122: 1 | P122: 1 | Q122: 1 | R122: 1 | S122: 1 | T122: 1 | U122: 1 | V122: 1 | W122: 1 | X122: 1
B126: K07 | D126: Namn
D127: Perspektiv | E127: {=IFERROR(INDEX(_xlfn.ANCHORARRAY(#REF!),#REF!,1),"")}
D128: Kategori
C130: Faktor | D130: Troligt | E130: Lägst | F130: Högst | G130: Källa
C137: Årligt värde (kr) → | I137: K07 | J137: =Startar+COLUMNS($J:J)-1 -> 0 | K137: =Startar+COLUMNS($J:K)-1 -> 1 | L137: =Startar+COLUMNS($J:L)-1 -> 2 | M137: =Startar+COLUMNS($J:M)-1 -> 3 | N137: =Startar+COLUMNS($J:N)-1 -> 4 | O137: =Startar+COLUMNS($J:O)-1 -> 5 | P137: =Startar+COLUMNS($J:P)-1 -> 6 | Q137: =Startar+COLUMNS($J:Q)-1 -> 7 | R137: =Startar+COLUMNS($J:R)-1 -> 8 | S137: =Startar+COLUMNS($J:S)-1 -> 9 | T137: =Startar+COLUMNS($J:T)-1 -> 10 | U137: =Startar+COLUMNS($J:U)-1 -> 11 | V137: =Startar+COLUMNS($J:V)-1 -> 12 | W137: =Startar+COLUMNS($J:W)-1 -> 13 | X137: =Startar+COLUMNS($J:X)-1 -> 14
I138: Troligt | J138: =$D137*J141 -> 0 | K138: =$D137*K141 -> 0 | L138: =$D137*L141 -> 0 | M138: =$D137*M141 -> 0 | N138: =$D137*N141 -> 0 | O138: =$D137*O141 -> 0 | P138: =$D137*P141 -> 0 | Q138: =$D137*Q141 -> 0 | ... X138: =$D137*X141 -> 0
I139: Lägst | J139: =$E137*J141 -> 0 | K139: =$E137*K141 -> 0 | L139: =$E137*L141 -> 0 | M139: =$E137*M141 -> 0 | N139: =$E137*N141 -> 0 | O139: =$E137*O141 -> 0 | P139: =$E137*P141 -> 0 | Q139: =$E137*Q141 -> 0 | ... X139: =$E137*X141 -> 0
I140: Högst | J140: =$F137*J141 -> 0 | K140: =$F137*K141 -> 0 | L140: =$F137*L141 -> 0 | M140: =$F137*M141 -> 0 | N140: =$F137*N141 -> 0 | O140: =$F137*O141 -> 0 | P140: =$F137*P141 -> 0 | Q140: =$F137*Q141 -> 0 | ... X140: =$F137*X141 -> 0
I141: Faktor | J141: 1 | K141: 1 | L141: 1 | M141: 1 | N141: 1 | O141: 1 | P141: 1 | Q141: 1 | R141: 1 | S141: 1 | T141: 1 | U141: 1 | V141: 1 | W141: 1 | X141: 1
B145: K08 | D145: Namn
D146: Perspektiv | E146: {=IFERROR(INDEX(_xlfn.ANCHORARRAY(#REF!),#REF!,1),"")}
D147: Kategori
C149: Faktor | D149: Troligt | E149: Lägst | F149: Högst | G149: Källa
C156: Årligt värde (kr) → | I156: K08 | J156: =Startar+COLUMNS($J:J)-1 -> 0 | K156: =Startar+COLUMNS($J:K)-1 -> 1 | L156: =Startar+COLUMNS($J:L)-1 -> 2 | M156: =Startar+COLUMNS($J:M)-1 -> 3 | N156: =Startar+COLUMNS($J:N)-1 -> 4 | O156: =Startar+COLUMNS($J:O)-1 -> 5 | P156: =Startar+COLUMNS($J:P)-1 -> 6 | Q156: =Startar+COLUMNS($J:Q)-1 -> 7 | R156: =Startar+COLUMNS($J:R)-1 -> 8 | S156: =Startar+COLUMNS($J:S)-1 -> 9 | T156: =Startar+COLUMNS($J:T)-1 -> 10 | U156: =Startar+COLUMNS($J:U)-1 -> 11 | V156: =Startar+COLUMNS($J:V)-1 -> 12 | W156: =Startar+COLUMNS($J:W)-1 -> 13 | X156: =Startar+COLUMNS($J:X)-1 -> 14
I157: Troligt | J157: =$D156*J160 -> 0 | K157: =$D156*K160 -> 0 | L157: =$D156*L160 -> 0 | M157: =$D156*M160 -> 0 | N157: =$D156*N160 -> 0 | O157: =$D156*O160 -> 0 | P157: =$D156*P160 -> 0 | Q157: =$D156*Q160 -> 0 | ... X157: =$D156*X160 -> 0
I158: Lägst | J158: =$E156*J160 -> 0 | K158: =$E156*K160 -> 0 | L158: =$E156*L160 -> 0 | M158: =$E156*M160 -> 0 | N158: =$E156*N160 -> 0 | O158: =$E156*O160 -> 0 | P158: =$E156*P160 -> 0 | Q158: =$E156*Q160 -> 0 | ... X158: =$E156*X160 -> 0
I159: Högst | J159: =$F156*J160 -> 0 | K159: =$F156*K160 -> 0 | L159: =$F156*L160 -> 0 | M159: =$F156*M160 -> 0 | N159: =$F156*N160 -> 0 | O159: =$F156*O160 -> 0 | P159: =$F156*P160 -> 0 | Q159: =$F156*Q160 -> 0 | ... X159: =$F156*X160 -> 0
I160: Faktor | J160: 1 | K160: 1 | L160: 1 | M160: 1 | N160: 1 | O160: 1 | P160: 1 | Q160: 1 | R160: 1 | S160: 1 | T160: 1 | U160: 1 | V160: 1 | W160: 1 | X160: 1
B164: K09 | D164: Namn
D165: Perspektiv | E165: {=IFERROR(INDEX(_xlfn.ANCHORARRAY(#REF!),#REF!,1),"")}
D166: Kategori
C168: Faktor | D168: Troligt | E168: Lägst | F168: Högst | G168: Källa
C175: Årligt värde (kr) → | I175: K09 | J175: =Startar+COLUMNS($J:J)-1 -> 0 | K175: =Startar+COLUMNS($J:K)-1 -> 1 | L175: =Startar+COLUMNS($J:L)-1 -> 2 | M175: =Startar+COLUMNS($J:M)-1 -> 3 | N175: =Startar+COLUMNS($J:N)-1 -> 4 | O175: =Startar+COLUMNS($J:O)-1 -> 5 | P175: =Startar+COLUMNS($J:P)-1 -> 6 | Q175: =Startar+COLUMNS($J:Q)-1 -> 7 | R175: =Startar+COLUMNS($J:R)-1 -> 8 | S175: =Startar+COLUMNS($J:S)-1 -> 9 | T175: =Startar+COLUMNS($J:T)-1 -> 10 | U175: =Startar+COLUMNS($J:U)-1 -> 11 | V175: =Startar+COLUMNS($J:V)-1 -> 12 | W175: =Startar+COLUMNS($J:W)-1 -> 13 | X175: =Startar+COLUMNS($J:X)-1 -> 14
I176: Troligt | J176: =$D175*J179 -> 0 | K176: =$D175*K179 -> 0 | L176: =$D175*L179 -> 0 | M176: =$D175*M179 -> 0 | N176: =$D175*N179 -> 0 | O176: =$D175*O179 -> 0 | P176: =$D175*P179 -> 0 | Q176: =$D175*Q179 -> 0 | ... X176: =$D175*X179 -> 0
I177: Lägst | J177: =$E175*J179 -> 0 | K177: =$E175*K179 -> 0 | L177: =$E175*L179 -> 0 | M177: =$E175*M179 -> 0 | N177: =$E175*N179 -> 0 | O177: =$E175*O179 -> 0 | P177: =$E175*P179 -> 0 | Q177: =$E175*Q179 -> 0 | ... X177: =$E175*X179 -> 0
I178: Högst | J178: =$F175*J179 -> 0 | K178: =$F175*K179 -> 0 | L178: =$F175*L179 -> 0 | M178: =$F175*M179 -> 0 | N178: =$F175*N179 -> 0 | O178: =$F175*O179 -> 0 | P178: =$F175*P179 -> 0 | Q178: =$F175*Q179 -> 0 | ... X178: =$F175*X179 -> 0
I179: Faktor | J179: 1 | K179: 1 | L179: 1 | M179: 1 | N179: 1 | O179: 1 | P179: 1 | Q179: 1 | R179: 1 | S179: 1 | T179: 1 | U179: 1 | V179: 1 | W179: 1 | X179: 1
B183: K10 | D183: Namn
D184: Perspektiv | E184: {=IFERROR(INDEX(_xlfn.ANCHORARRAY(#REF!),#REF!,1),"")}
D185: Kategori
C187: Faktor | D187: Troligt | E187: Lägst | F187: Högst | G187: Källa
C194: Årligt värde (kr) → | I194: K10 | J194: =Startar+COLUMNS($J:J)-1 -> 0 | K194: =Startar+COLUMNS($J:K)-1 -> 1 | L194: =Startar+COLUMNS($J:L)-1 -> 2 | M194: =Startar+COLUMNS($J:M)-1 -> 3 | N194: =Startar+COLUMNS($J:N)-1 -> 4 | O194: =Startar+COLUMNS($J:O)-1 -> 5 | P194: =Startar+COLUMNS($J:P)-1 -> 6 | Q194: =Startar+COLUMNS($J:Q)-1 -> 7 | R194: =Startar+COLUMNS($J:R)-1 -> 8 | S194: =Startar+COLUMNS($J:S)-1 -> 9 | T194: =Startar+COLUMNS($J:T)-1 -> 10 | U194: =Startar+COLUMNS($J:U)-1 -> 11 | V194: =Startar+COLUMNS($J:V)-1 -> 12 | W194: =Startar+COLUMNS($J:W)-1 -> 13 | X194: =Startar+COLUMNS($J:X)-1 -> 14
I195: Troligt | J195: =$D194*J198 -> 0 | K195: =$D194*K198 -> 0 | L195: =$D194*L198 -> 0 | M195: =$D194*M198 -> 0 | N195: =$D194*N198 -> 0 | O195: =$D194*O198 -> 0 | P195: =$D194*P198 -> 0 | Q195: =$D194*Q198 -> 0 | ... X195: =$D194*X198 -> 0
I196: Lägst | J196: =$E194*J198 -> 0 | K196: =$E194*K198 -> 0 | L196: =$E194*L198 -> 0 | M196: =$E194*M198 -> 0 | N196: =$E194*N198 -> 0 | O196: =$E194*O198 -> 0 | P196: =$E194*P198 -> 0 | Q196: =$E194*Q198 -> 0 | ... X196: =$E194*X198 -> 0
I197: Högst | J197: =$F194*J198 -> 0 | K197: =$F194*K198 -> 0 | L197: =$F194*L198 -> 0 | M197: =$F194*M198 -> 0 | N197: =$F194*N198 -> 0 | O197: =$F194*O198 -> 0 | P197: =$F194*P198 -> 0 | Q197: =$F194*Q198 -> 0 | ... X197: =$F194*X198 -> 0
I198: Faktor | J198: 1 | K198: 1 | L198: 1 | M198: 1 | N198: 1 | O198: 1 | P198: 1 | Q198: 1 | R198: 1 | S198: 1 | T198: 1 | U198: 1 | V198: 1 | W198: 1 | X198: 1
B202: K11 | D202: Namn
D203: Perspektiv | E203: {=IFERROR(INDEX(_xlfn.ANCHORARRAY(#REF!),#REF!,1),"")}
D204: Kategori
C206: Faktor | D206: Troligt | E206: Lägst | F206: Högst | G206: Källa
C213: Årligt värde (kr) → | I213: K11 | J213: =Startar+COLUMNS($J:J)-1 -> 0 | K213: =Startar+COLUMNS($J:K)-1 -> 1 | L213: =Startar+COLUMNS($J:L)-1 -> 2 | M213: =Startar+COLUMNS($J:M)-1 -> 3 | N213: =Startar+COLUMNS($J:N)-1 -> 4 | O213: =Startar+COLUMNS($J:O)-1 -> 5 | P213: =Startar+COLUMNS($J:P)-1 -> 6 | Q213: =Startar+COLUMNS($J:Q)-1 -> 7 | R213: =Startar+COLUMNS($J:R)-1 -> 8 | S213: =Startar+COLUMNS($J:S)-1 -> 9 | T213: =Startar+COLUMNS($J:T)-1 -> 10 | U213: =Startar+COLUMNS($J:U)-1 -> 11 | V213: =Startar+COLUMNS($J:V)-1 -> 12 | W213: =Startar+COLUMNS($J:W)-1 -> 13 | X213: =Startar+COLUMNS($J:X)-1 -> 14
I214: Troligt | J214: =$D213*J217 -> 0 | K214: =$D213*K217 -> 0 | L214: =$D213*L217 -> 0 | M214: =$D213*M217 -> 0 | N214: =$D213*N217 -> 0 | O214: =$D213*O217 -> 0 | P214: =$D213*P217 -> 0 | Q214: =$D213*Q217 -> 0 | ... X214: =$D213*X217 -> 0
I215: Lägst | J215: =$E213*J217 -> 0 | K215: =$E213*K217 -> 0 | L215: =$E213*L217 -> 0 | M215: =$E213*M217 -> 0 | N215: =$E213*N217 -> 0 | O215: =$E213*O217 -> 0 | P215: =$E213*P217 -> 0 | Q215: =$E213*Q217 -> 0 | ... X215: =$E213*X217 -> 0
I216: Högst | J216: =$F213*J217 -> 0 | K216: =$F213*K217 -> 0 | L216: =$F213*L217 -> 0 | M216: =$F213*M217 -> 0 | N216: =$F213*N217 -> 0 | O216: =$F213*O217 -> 0 | P216: =$F213*P217 -> 0 | Q216: =$F213*Q217 -> 0 | ... X216: =$F213*X217 -> 0
...

Sheet Ej värderade
C1: Ej värderade | D1: =IF(Namn_på_förändringen<>0,Namn_på_förändringen,"")
C3: Nytta | D3: Perspektiv | E3: Kategori | F3: Uppskattad storlek | I3: Kostnad | J3: Perspektiv | K3: Kategori | L3: Uppskattad storlek

Sheet Resultat
C2: Resultat | D2: =IF(Namn_på_förändringen<>0,Namn_på_förändringen,"") | N2: Diskonteringsränta | O2: 0.03
C5: Överblick: nyttor och kostnader som värderats i pengar | K5: Filtrera denna sektion
C16: Tabell: sammanfattning
C17: Sammanlagd nettonytta efter 15 år (kr) | D17: =Resultatunderlag!G21 -> 0
C18: Nettonytta per satsad krona efter 15 år | D18: =Resultatunderlag!C27 -> 0
C19: Året som de sammanlagda nyttorna överstiger kostnaderna | D19: {=IFERROR(INDEX(Resultatunderlag!B7:B21, MATCH(TRUE, Resultatunderlag!G7:G21>0, 0)), "aldrig")} -> aldrig
C20: Nytta - finansiell | D20: =IFERROR(GETPIVOTDATA("[Measures].[Sum of Summa 3]",Resultatunderlag!$B$54,"[Varderade_nyttor].[Kategori]","[Varderade_nyttor].[Kategori].&[Finansiell 💰]"),0) -> 0
C21: Nytta - omfördelning | D21: =IFERROR(GETPIVOTDATA("[Measures].[Sum of Summa 3]",Resultatunderlag!$B$54,"[Varderade_nyttor].[Kategori]","[Varderade_nyttor].[Kategori].&[Omfördelning ↺]"),0) -> 0
C22: Kostnad - finansiell | D22: =IFERROR(GETPIVOTDATA("[Measures].[Sum of Summa 4]",Resultatunderlag!$E$54,"[Varderade_kostnader].[Kategori]","[Varderade_kostnader].[Kategori].&[Finansiell 💰]"),0) -> 0
C23: Kostnad - omfördelning | D23: =IFERROR(GETPIVOTDATA("[Measures].[Sum of Summa 4]",Resultatunderlag!$E$54,"[Varderade_kostnader].[Kategori]","[Varderade_kostnader].[Kategori].&[Omfördelning ↺]"),0) -> 0
C24: Nyttor som inte värderats i pengar | D24: =Resultatunderlag!C75 -> -
C28: Nyttor och kostnader som inte värderats i pengar | K28: Filtrera denna sektion
C39: Uppskattad storlek på nyttor som inte värderats i pengar | G39: Uppskattad storlek på kostnader som inte värderats i pengar
C64: Osäkerhet för nyttor och kostnader som värderats i pengar | K64: Filtrera denna sektion
G66: ="Tabell: Nettonytta per satsad krona efter " &Input!B11& " (kr)" -> Tabell: Nettonytta per satsad krona efter 15 år (kr)
G67: =Resultatunderlag!D95 -> (Lägst nytta - lägst kostnad) / Lägst kostnad | H67: =IFERROR(Resultatunderlag!E95,"")
G68: =Resultatunderlag!D96 -> (Trolig nytta - trolig kostnad) / Trolig kostnad | H68: =IFERROR(Resultatunderlag!E96,"")
G69: =Resultatunderlag!D97 -> (Högst nytta - högst kostnad) / Högst kostnad | H69: =IFERROR(Resultatunderlag!E97,"")
C78: Fördjupning: nyttor och kostnader som värderats i pengar | K78: Filtrera denna sektion
C81: Nyttor som värderats i pengar, per kategori | D81: Andel av de värderade nyttorna | E81: Värde i kr | G81: Kostnader som inte värderats i pengar, per kategori | H81: Andel av de värderade nyttorna | I81: Värde i kr
C106: Nyttor som värderats i pengar per perspektiv | D106: Andel av de värderade nyttorna | E106: Värde i kr | G106: Kostnader som värderats i pengar per perspektiv | H106: Andel av de värderade kostnaderna | I106: Värde i kr
C122: Fördjupning: beräkna omfördelning som timmar och årsarbetare
C124: Årsarbetstid i snitt (timmar) | D124: 1700
C126: Nytta | D126: ="Totalt värde efter " & Input!$B$11 &" (kr)" -> Totalt värde efter 15 år (kr) | E126: Timkostnad (kr) | F126: ="Frigjorda timmar efter " &Input!$B$11 -> Frigjorda timmar efter 15 år | G126: ="Frigjorda årsarbetare totalt under " & Input!$B$11 -> Frigjorda årsarbetare totalt under 15 år
C127: {=_xlfn._xlws.FILTER(_xlfn.HSTACK(AN!D2:D16,AN!Y2:Y16),AN!F2:F16="Omfördelning ↺","")} | F127: =IFERROR(D127/E127,"") | G127: =IFERROR(F127/$D$124,"")
F128: =IFERROR(D128/E128,"") | G128: =IFERROR(F128/$D$124,"")
F129: =IFERROR(D129/E129,"") | G129: =IFERROR(F129/$D$124,"")
F130: =IFERROR(D130/E130,"") | G130: =IFERROR(F130/$D$124,"")
F131: =IFERROR(D131/E131,"") | G131: =IFERROR(F131/$D$124,"")
F132: =IFERROR(D132/E132,"") | G132: =IFERROR(F132/$D$124,"")
F133: =IFERROR(D133/E133,"") | G133: =IFERROR(F133/$D$124,"")
F134: =IFERROR(D134/E134,"") | G134: =IFERROR(F134/$D$124,"")
F135: =IFERROR(D135/E135,"") | G135: =IFERROR(F135/$D$124,"")
F136: =IFERROR(D136/E136,"") | G136: =IFERROR(F136/$D$124,"")
F137: =IFERROR(D137/E137,"") | G137: =IFERROR(F137/$D$124,"")
F138: =IFERROR(D138/E138,"") | G138: =IFERROR(F138/$D$124,"")
F139: =IFERROR(D139/E139,"") | G139: =IFERROR(F139/$D$124,"")
... F141: =IFERROR(D141/E141,"") | G141: =IFERROR(F141/$D$124,"")
E142: SUMMA | F142: =SUM(F127:F141) -> 0 | G142: =SUM(G127:G141) -> 0
C144: Kostnad | D144: ="Totalt värde efter " & Input!$B$11 &" (kr)" -> Totalt värde efter 15 år (kr) | E144: Timkostnad (kr) | F144: ="Satsade timmar efter " &Input!$B$11 -> Satsade timmar efter 15 år | G144: ="Satsade årsarbetare totalt under " & Input!$B$11 -> Satsade årsarbetare totalt under 15 år
C145: {=_xlfn._xlws.FILTER(_xlfn.HSTACK(AK!D2:D16,AK!Y2:Y16),AK!F2:F16="Omfördelning ↺","")} | F145: =IFERROR(D145/E145,"") | G145: =IFERROR(F145/$D$124,"")
F146: =IFERROR(D146/E146,"") | G146: =IFERROR(F146/$D$124,"")
F147: =IFERROR(D147/E147,"") | G147: =IFERROR(F147/$D$124,"")
F148: =IFERROR(D148/E148,"") | G148: =IFERROR(F148/$D$124,"")
F149: =IFERROR(D149/E149,"") | G149: =IFERROR(F149/$D$124,"")
F150: =IFERROR(D150/E150,"") | G150: =IFERROR(F150/$D$124,"")
F151: =IFERROR(D151/E151,"") | G151: =IFERROR(F151/$D$124,"")
F152: =IFERROR(D152/E152,"") | G152: =IFERROR(F152/$D$124,"")
F153: =IFERROR(D153/E153,"") | G153: =IFERROR(F153/$D$124,"")
F154: =IFERROR(D154/E154,"") | G154: =IFERROR(F154/$D$124,"")
F155: =IFERROR(D155/E155,"") | G155: =IFERROR(F155/$D$124,"")
F156: =IFERROR(D156/E156,"") | G156: =IFERROR(F156/$D$124,"")
F157: =IFERROR(D157/E157,"") | G157: =IFERROR(F157/$D$124,"")
... F159: =IFERROR(D159/E159,"") | G159: =IFERROR(F159/$D$124,"")
E160: SUMMA | F160: =SUM(F145:F159) -> 0 | G160: =SUM(G145:G159) -> 0

Sheet Planera uppföljning
B1: Planera för uppföljning | C1: =IF(Namn_på_förändringen<>0,Namn_på_förändringen,"")
B3: Användning
B5: Indikator på användning | C5: Källa | D5: Kommentar
B11: Nyttor
B13: Nytta | C13: Kategori | D13: ="Värdering i pengar efter " &Input!B11 &" (kr)" -> Värdering i pengar efter 15 år (kr) | E13: Uppskattad storlek | F13: Indikator | G13: Källa | H13: Kommentar
B14: {=IFERROR(_xlfn._xlws.FILTER(_xlfn.HSTACK(Tabell_AN[Nytta],Tabell_AN[Kategori],IF(Tabell_AN[Summa]<>0,Tabell_AN[Summa],""),IF(Tabell_AN[Bedömning]<>"",Tabell_AN[Bedömning],"")),(Tabell_AN[NID]<>"")*(Tabell_AN[Nytta]<>0)),"")}
B33: Kostnader
B35: Kostnad | C35: Kategori | D35: ="Värdering i pengar efter " &Input!B11 &" (kr)" -> Värdering i pengar efter 15 år (kr) | E35: Uppskattad storlek | F35: Indikator | G35: Källa | H35: Kommentar
B36: {=IFERROR(_xlfn._xlws.FILTER(_xlfn.HSTACK(Tabell_AK[Kostnad],Tabell_AK[Kategori],IF(Tabell_AK[Summa]<>0,Tabell_AK[Summa],""),IF(Tabell_AK[Bedömning]<>"",Tabell_AK[Bedömning],"")),(Tabell_AK[KID]<>"")*(Tabell_AK[Kostnad]<>0)),"")}

Sheet Resultatunderlag
B1: Resultatunderlag | G1: Gula fält används i resultatvyn
B4: Underlag för diagrammet i överblick
B6: År | C6: Finansiell nytta | D6: Omfördelningsnytta | E6: Finansiell kostnad | F6: Omfördelningskostnad | G6: Sammanlagd nettonytta
B7: =Startar -> 0 | C7: =IFERROR(GETPIVOTDATA("[Measures].[Sum of Troligt år "&($B7-$B$7+1)&" 3]",$B$30,"[Varderade_nyttor].[Kategori]","[Varderade_nyttor].[Kategori].&[Finansiell 💰]"),0) -> 0 | D7: =IFERROR(GETPIVOTDATA("[Measures].[Sum of Troligt år "&($B7-$B$7+1)&" 3]",$B$30,"[Varderade_nyttor].[Kategori]","[Varderade_nyttor].[Kategori].&[Omfördelning ↺]"),0) -> 0 | E7: =IFERROR(GETPIVOTDATA("[Measures].[Sum of Troligt år "&($B7-$B$7+1)&" 4]",$F$30,"[Varderade_kostnader].[Kategori]","[Varderade_kostnader].[Kategori].&[Finansiell 💰]"),0) -> 0 | F7: =IFERROR(GETPIVOTDATA("[Measures].[Sum of Troligt år "&($B7-$B$7+1)&" 4]",$F$30,"[Varderade_kostnader].[Kategori]","[Varderade_kostnader].[Kategori].&[Omfördelning ↺]"),0) -> 0 | G7: =IF($B7="",NA(),SUM($C$7:C7)+SUM($D$7:D7)+SUM($E$7:E7)+SUM($F$7:F7)) -> 0
B8: =B7+1 -> 1 | C8: =IFERROR(GETPIVOTDATA("[Measures].[Sum of Troligt år "&($B8-$B$7+1)&" 3]",$B$30,"[Varderade_nyttor].[Kategori]","[Varderade_nyttor].[Kategori].&[Finansiell 💰]"),0) -> 0 | D8: =IFERROR(GETPIVOTDATA("[Measures].[Sum of Troligt år "&($B8-$B$7+1)&" 3]",$B$30,"[Varderade_nyttor].[Kategori]","[Varderade_nyttor].[Kategori].&[Omfördelning ↺]"),0) -> 0 | E8: =IFERROR(GETPIVOTDATA("[Measures].[Sum of Troligt år "&($B8-$B$7+1)&" 4]",$F$30,"[Varderade_kostnader].[Kategori]","[Varderade_kostnader].[Kategori].&[Finansiell 💰]"),0) -> 0 | F8: =IFERROR(GETPIVOTDATA("[Measures].[Sum of Troligt år "&($B8-$B$7+1)&" 4]",$F$30,"[Varderade_kostnader].[Kategori]","[Varderade_kostnader].[Kategori].&[Omfördelning ↺]"),0) -> 0 | G8: =IF($B8="",NA(),SUM($C$7:C8)+SUM($D$7:D8)+SUM($E$7:E8)+SUM($F$7:F8)) -> 0
B9: =B8+1 -> 2 | C9: =IFERROR(GETPIVOTDATA("[Measures].[Sum of Troligt år "&($B9-$B$7+1)&" 3]",$B$30,"[Varderade_nyttor].[Kategori]","[Varderade_nyttor].[Kategori].&[Finansiell 💰]"),0) -> 0 | D9: =IFERROR(GETPIVOTDATA("[Measures].[Sum of Troligt år "&($B9-$B$7+1)&" 3]",$B$30,"[Varderade_nyttor].[Kategori]","[Varderade_nyttor].[Kategori].&[Omfördelning ↺]"),0) -> 0 | E9: =IFERROR(GETPIVOTDATA("[Measures].[Sum of Troligt år "&($B9-$B$7+1)&" 4]",$F$30,"[Varderade_kostnader].[Kategori]","[Varderade_kostnader].[Kategori].&[Finansiell 💰]"),0) -> 0 | F9: =IFERROR(GETPIVOTDATA("[Measures].[Sum of Troligt år "&($B9-$B$7+1)&" 4]",$F$30,"[Varderade_kostnader].[Kategori]","[Varderade_kostnader].[Kategori].&[Omfördelning ↺]"),0) -> 0 | G9: =IF($B9="",NA(),SUM($C$7:C9)+SUM($D$7:D9)+SUM($E$7:E9)+SUM($F$7:F9)) -> 0
B10: =B9+1 -> 3 | C10: =IFERROR(GETPIVOTDATA("[Measures].[Sum of Troligt år "&($B10-$B$7+1)&" 3]",$B$30,"[Varderade_nyttor].[Kategori]","[Varderade_nyttor].[Kategori].&[Finansiell 💰]"),0) -> 0 | D10: =IFERROR(GETPIVOTDATA("[Measures].[Sum of Troligt år "&($B10-$B$7+1)&" 3]",$B$30,"[Varderade_nyttor].[Kategori]","[Varderade_nyttor].[Kategori].&[Omfördelning ↺]"),0) -> 0 | E10: =IFERROR(GETPIVOTDATA("[Measures].[Sum of Troligt år "&($B10-$B$7+1)&" 4]",$F$30,"[Varderade_kostnader].[Kategori]","[Varderade_kostnader].[Kategori].&[Finansiell 💰]"),0) -> 0 | F10: =IFERROR(GETPIVOTDATA("[Measures].[Sum of Troligt år "&($B10-$B$7+1)&" 4]",$F$30,"[Varderade_kostnader].[Kategori]","[Varderade_kostnader].[Kategori].&[Omfördelning ↺]"),0) -> 0 | G10: =IF($B10="",NA(),SUM($C$7:C10)+SUM($D$7:D10)+SUM($E$7:E10)+SUM($F$7:F10)) -> 0
B11: =B10+1 -> 4 | C11: =IFERROR(GETPIVOTDATA("[Measures].[Sum of Troligt år "&($B11-$B$7+1)&" 3]",$B$30,"[Varderade_nyttor].[Kategori]","[Varderade_nyttor].[Kategori].&[Finansiell 💰]"),0) -> 0 | D11: =IFERROR(GETPIVOTDATA("[Measures].[Sum of Troligt år "&($B11-$B$7+1)&" 3]",$B$30,"[Varderade_nyttor].[Kategori]","[Varderade_nyttor].[Kategori].&[Omfördelning ↺]"),0) -> 0 | E11: =IFERROR(GETPIVOTDATA("[Measures].[Sum of Troligt år "&($B11-$B$7+1)&" 4]",$F$30,"[Varderade_kostnader].[Kategori]","[Varderade_kostnader].[Kategori].&[Finansiell 💰]"),0) -> 0 | F11: =IFERROR(GETPIVOTDATA("[Measures].[Sum of Troligt år "&($B11-$B$7+1)&" 4]",$F$30,"[Varderade_kostnader].[Kategori]","[Varderade_kostnader].[Kategori].&[Omfördelning ↺]"),0) -> 0 | G11: =IF($B11="",NA(),SUM($C$7:C11)+SUM($D$7:D11)+SUM($E$7:E11)+SUM($F$7:F11)) -> 0
B12: =B11+1 -> 5 | C12: =IFERROR(GETPIVOTDATA("[Measures].[Sum of Troligt år "&($B12-$B$7+1)&" 3]",$B$30,"[Varderade_nyttor].[Kategori]","[Varderade_nyttor].[Kategori].&[Finansiell 💰]"),0) -> 0 | D12: =IFERROR(GETPIVOTDATA("[Measures].[Sum of Troligt år "&($B12-$B$7+1)&" 3]",$B$30,"[Varderade_nyttor].[Kategori]","[Varderade_nyttor].[Kategori].&[Omfördelning ↺]"),0) -> 0 | E12: =IFERROR(GETPIVOTDATA("[Measures].[Sum of Troligt år "&($B12-$B$7+1)&" 4]",$F$30,"[Varderade_kostnader].[Kategori]","[Varderade_kostnader].[Kategori].&[Finansiell 💰]"),0) -> 0 | F12: =IFERROR(GETPIVOTDATA("[Measures].[Sum of Troligt år "&($B12-$B$7+1)&" 4]",$F$30,"[Varderade_kostnader].[Kategori]","[Varderade_kostnader].[Kategori].&[Omfördelning ↺]"),0) -> 0 | G12: =IF($B12="",NA(),SUM($C$7:C12)+SUM($D$7:D12)+SUM($E$7:E12)+SUM($F$7:F12)) -> 0
B13: =B12+1 -> 6 | C13: =IFERROR(GETPIVOTDATA("[Measures].[Sum of Troligt år "&($B13-$B$7+1)&" 3]",$B$30,"[Varderade_nyttor].[Kategori]","[Varderade_nyttor].[Kategori].&[Finansiell 💰]"),0) -> 0 | D13: =IFERROR(GETPIVOTDATA("[Measures].[Sum of Troligt år "&($B13-$B$7+1)&" 3]",$B$30,"[Varderade_nyttor].[Kategori]","[Varderade_nyttor].[Kategori].&[Omfördelning ↺]"),0) -> 0 | E13: =IFERROR(GETPIVOTDATA("[Measures].[Sum of Troligt år "&($B13-$B$7+1)&" 4]",$F$30,"[Varderade_kostnader].[Kategori]","[Varderade_kostnader].[Kategori].&[Finansiell 💰]"),0) -> 0 | F13: =IFERROR(GETPIVOTDATA("[Measures].[Sum of Troligt år "&($B13-$B$7+1)&" 4]",$F$30,"[Varderade_kostnader].[Kategori]","[Varderade_kostnader].[Kategori].&[Omfördelning ↺]"),0) -> 0 | G13: =IF($B13="",NA(),SUM($C$7:C13)+SUM($D$7:D13)+SUM($E$7:E13)+SUM($F$7:F13)) -> 0
B14: =B13+1 -> 7 | C14: =IFERROR(GETPIVOTDATA("[Measures].[Sum of Troligt år "&($B14-$B$7+1)&" 3]",$B$30,"[Varderade_nyttor].[Kategori]","[Varderade_nyttor].[Kategori].&[Finansiell 💰]"),0) -> 0 | D14: =IFERROR(GETPIVOTDATA("[Measures].[Sum of Troligt år "&($B14-$B$7+1)&" 3]",$B$30,"[Varderade_nyttor].[Kategori]","[Varderade_nyttor].[Kategori].&[Omfördelning ↺]"),0) -> 0 | E14: =IFERROR(GETPIVOTDATA("[Measures].[Sum of Troligt år "&($B14-$B$7+1)&" 4]",$F$30,"[Varderade_kostnader].[Kategori]","[Varderade_kostnader].[Kategori].&[Finansiell 💰]"),0) -> 0 | F14: =IFERROR(GETPIVOTDATA("[Measures].[Sum of Troligt år "&($B14-$B$7+1)&" 4]",$F$30,"[Varderade_kostnader].[Kategori]","[Varderade_kostnader].[Kategori].&[Omfördelning ↺]"),0) -> 0 | G14: =IF($B14="",NA(),SUM($C$7:C14)+SUM($D$7:D14)+SUM($E$7:E14)+SUM($F$7:F14)) -> 0
B15: =B14+1 -> 8 | C15: =IFERROR(GETPIVOTDATA("[Measures].[Sum of Troligt år "&($B15-$B$7+1)&" 3]",$B$30,"[Varderade_nyttor].[Kategori]","[Varderade_nyttor].[Kategori].&[Finansiell 💰]"),0) -> 0 | D15: =IFERROR(GETPIVOTDATA("[Measures].[Sum of Troligt år "&($B15-$B$7+1)&" 3]",$B$30,"[Varderade_nyttor].[Kategori]","[Varderade_nyttor].[Kategori].&[Omfördelning ↺]"),0) -> 0 | E15: =IFERROR(GETPIVOTDATA("[Measures].[Sum of Troligt år "&($B15-$B$7+1)&" 4]",$F$30,"[Varderade_kostnader].[Kategori]","[Varderade_kostnader].[Kategori].&[Finansiell 💰]"),0) -> 0 | F15: =IFERROR(GETPIVOTDATA("[Measures].[Sum of Troligt år "&($B15-$B$7+1)&" 4]",$F$30,"[Varderade_kostnader].[Kategori]","[Varderade_kostnader].[Kategori].&[Omfördelning ↺]"),0) -> 0 | G15: =IF($B15="",NA(),SUM($C$7:C15)+SUM($D$7:D15)+SUM($E$7:E15)+SUM($F$7:F15)) -> 0
B16: =B15+1 -> 9 | C16: =IFERROR(GETPIVOTDATA("[Measures].[Sum of Troligt år "&($B16-$B$7+1)&" 3]",$B$30,"[Varderade_nyttor].[Kategori]","[Varderade_nyttor].[Kategori].&[Finansiell 💰]"),0) -> 0 | D16: =IFERROR(GETPIVOTDATA("[Measures].[Sum of Troligt år "&($B16-$B$7+1)&" 3]",$B$30,"[Varderade_nyttor].[Kategori]","[Varderade_nyttor].[Kategori].&[Omfördelning ↺]"),0) -> 0 | E16: =IFERROR(GETPIVOTDATA("[Measures].[Sum of Troligt år "&($B16-$B$7+1)&" 4]",$F$30,"[Varderade_kostnader].[Kategori]","[Varderade_kostnader].[Kategori].&[Finansiell 💰]"),0) -> 0 | F16: =IFERROR(GETPIVOTDATA("[Measures].[Sum of Troligt år "&($B16-$B$7+1)&" 4]",$F$30,"[Varderade_kostnader].[Kategori]","[Varderade_kostnader].[Kategori].&[Omfördelning ↺]"),0) -> 0 | G16: =IF($B16="",NA(),SUM($C$7:C16)+SUM($D$7:D16)+SUM($E$7:E16)+SUM($F$7:F16)) -> 0
B17: =B16+1 -> 10 | C17: =IFERROR(GETPIVOTDATA("[Measures].[Sum of Troligt år "&($B17-$B$7+1)&" 3]",$B$30,"[Varderade_nyttor].[Kategori]","[Varderade_nyttor].[Kategori].&[Finansiell 💰]"),0) -> 0 | D17: =IFERROR(GETPIVOTDATA("[Measures].[Sum of Troligt år "&($B17-$B$7+1)&" 3]",$B$30,"[Varderade_nyttor].[Kategori]","[Varderade_nyttor].[Kategori].&[Omfördelning ↺]"),0) -> 0 | E17: =IFERROR(GETPIVOTDATA("[Measures].[Sum of Troligt år "&($B17-$B$7+1)&" 4]",$F$30,"[Varderade_kostnader].[Kategori]","[Varderade_kostnader].[Kategori].&[Finansiell 💰]"),0) -> 0 | F17: =IFERROR(GETPIVOTDATA("[Measures].[Sum of Troligt år "&($B17-$B$7+1)&" 4]",$F$30,"[Varderade_kostnader].[Kategori]","[Varderade_kostnader].[Kategori].&[Omfördelning ↺]"),0) -> 0 | G17: =IF($B17="",NA(),SUM($C$7:C17)+SUM($D$7:D17)+SUM($E$7:E17)+SUM($F$7:F17)) -> 0
B18: =B17+1 -> 11 | C18: =IFERROR(GETPIVOTDATA("[Measures].[Sum of Troligt år "&($B18-$B$7+1)&" 3]",$B$30,"[Varderade_nyttor].[Kategori]","[Varderade_nyttor].[Kategori].&[Finansiell 💰]"),0) -> 0 | D18: =IFERROR(GETPIVOTDATA("[Measures].[Sum of Troligt år "&($B18-$B$7+1)&" 3]",$B$30,"[Varderade_nyttor].[Kategori]","[Varderade_nyttor].[Kategori].&[Omfördelning ↺]"),0) -> 0 | E18: =IFERROR(GETPIVOTDATA("[Measures].[Sum of Troligt år "&($B18-$B$7+1)&" 4]",$F$30,"[Varderade_kostnader].[Kategori]","[Varderade_kostnader].[Kategori].&[Finansiell 💰]"),0) -> 0 | F18: =IFERROR(GETPIVOTDATA("[Measures].[Sum of Troligt år "&($B18-$B$7+1)&" 4]",$F$30,"[Varderade_kostnader].[Kategori]","[Varderade_kostnader].[Kategori].&[Omfördelning ↺]"),0) -> 0 | G18: =IF($B18="",NA(),SUM($C$7:C18)+SUM($D$7:D18)+SUM($E$7:E18)+SUM($F$7:F18)) -> 0
B19: =B18+1 -> 12 | C19: =IFERROR(GETPIVOTDATA("[Measures].[Sum of Troligt år "&($B19-$B$7+1)&" 3]",$B$30,"[Varderade_nyttor].[Kategori]","[Varderade_nyttor].[Kategori].&[Finansiell 💰]"),0) -> 0 | D19: =IFERROR(GETPIVOTDATA("[Measures].[Sum of Troligt år "&($B19-$B$7+1)&" 3]",$B$30,"[Varderade_nyttor].[Kategori]","[Varderade_nyttor].[Kategori].&[Omfördelning ↺]"),0) -> 0 | E19: =IFERROR(GETPIVOTDATA("[Measures].[Sum of Troligt år "&($B19-$B$7+1)&" 4]",$F$30,"[Varderade_kostnader].[Kategori]","[Varderade_kostnader].[Kategori].&[Finansiell 💰]"),0) -> 0 | F19: =IFERROR(GETPIVOTDATA("[Measures].[Sum of Troligt år "&($B19-$B$7+1)&" 4]",$F$30,"[Varderade_kostnader].[Kategori]","[Varderade_kostnader].[Kategori].&[Omfördelning ↺]"),0) -> 0 | G19: =IF($B19="",NA(),SUM($C$7:C19)+SUM($D$7:D19)+SUM($E$7:E19)+SUM($F$7:F19)) -> 0
... B21: =B20+1 -> 14 | C21: =IFERROR(GETPIVOTDATA("[Measures].[Sum of Troligt år "&($B21-$B$7+1)&" 3]",$B$30,"[Varderade_nyttor].[Kategori]","[Varderade_nyttor].[Kategori].&[Finansiell 💰]"),0) -> 0 | D21: =IFERROR(GETPIVOTDATA("[Measures].[Sum of Troligt år "&($B21-$B$7+1)&" 3]",$B$30,"[Varderade_nyttor].[Kategori]","[Varderade_nyttor].[Kategori].&[Omfördelning ↺]"),0) -> 0 | E21: =IFERROR(GETPIVOTDATA("[Measures].[Sum of Troligt år "&($B21-$B$7+1)&" 4]",$F$30,"[Varderade_kostnader].[Kategori]","[Varderade_kostnader].[Kategori].&[Finansiell 💰]"),0) -> 0 | F21: =IFERROR(GETPIVOTDATA("[Measures].[Sum of Troligt år "&($B21-$B$7+1)&" 4]",$F$30,"[Varderade_kostnader].[Kategori]","[Varderade_kostnader].[Kategori].&[Omfördelning ↺]"),0) -> 0 | G21: =IF($B21="",NA(),SUM($C$7:C21)+SUM($D$7:D21)+SUM($E$7:E21)+SUM($F$7:F21)) -> 0
B22: SUMMA | C22: =SUM(C7:C21) -> 0 | D22: =SUM(D7:D21) -> 0 | E22: =SUM(E7:E21) -> 0 | F22: =SUM(F7:F21) -> 0
B24: SUMMA NYTTA | C24: =SUM(C22:D22) -> 0
B25: SUMMA KOSTNAD | C25: =-SUM(E22:F22) -> 0
B26: SAMMANLAGD NETTONYTTA | C26: =G21 -> 0
B27: NETTONYTTA PER SATSAD KRONA | C27: =IFERROR(C26/C25,0) -> 0
C30: Column Labels | G30: Column Labels
B31: Values | F31: Values
B32: Sum of Troligt år 1 | F32: Sum of Troligt år 1
B33: Sum of Troligt år 2 | F33: Sum of Troligt år 2
B34: Sum of Troligt år 3 | F34: Sum of Troligt år 3
B35: Sum of Troligt år 4 | F35: Sum of Troligt år 4
B36: Sum of Troligt år 5 | F36: Sum of Troligt år 5
B37: Sum of Troligt år 6 | F37: Sum of Troligt år 6
B38: Sum of Troligt år 7 | F38: Sum of Troligt år 7
B39: Sum of Troligt år 8 | F39: Sum of Troligt år 8
B40: Sum of Troligt år 9 | F40: Sum of Troligt år 9
B41: Sum of Troligt år 10 | F41: Sum of Troligt år 10
B42: Sum of Troligt år 11 | F42: Sum of Troligt år 11
... B46: Sum of Troligt år 15 | F46: Sum of Troligt år 15
B51: Underlag till andelen finansiella/omfördelning i tabell: sammanfattning
B54: Row Labels | C54: Sum of Summa | E54: Row Labels | F54: Sum of Summa
B61: Underlag till andel värderade nyttor och kostnader i tabell: sammanfattning
B64: Intressent | C64: All
B66: Row Labels | C66: Count of Nytta | E66: Row Labels | F66: Count of Kostnad
B73: Ej värderade nyttor | C73: =GETPIVOTDATA("[Measures].[Count of Nytta 2]",$B$66,"[Nyttor].[Värdering]","[Nyttor].[Värdering].&[Ej värderad]") -> #REF! | E73: Ej värderade kostnader | F73: =IFERROR(GETPIVOTDATA("[Measures].[Count of Kostnad 2]",$E$66,"[Kostnader].[Värdering]","[Kostnader].[Värdering].&[Ej värderad]"),0) -> 0
B74: Totalt antal nyttor | C74: =GETPIVOTDATA("[Measures].[Count of Nytta 2]",$B$66) -> #REF! | E74: Totalt antal kostnader | F74: =GETPIVOTDATA("[Measures].[Count of Kostnad 2]",$E$66) -> #REF!
B75: Antal identiferade nyttor som inte värderats i pengar | C75: =IFERROR(C73&" / " &C74,"-") -> - | E75: Antal identiferade kostnader som inte värderats i pengar | F75: =F73&" / " &F73 -> 0 / 0
B80: Underlag till osäkerhet
B83: Nytta | E83: Kostnad
B84: Summa | E84: Summa
B85: Min | E85: Min
B86: Max | E86: Max
C89: Nytta | D89: Kostnad | E89: Nettonytta
B90: Lägst nytta - lägst kostnad | C90: =GETPIVOTDATA("[Measures].[Sum of Summa min]",$B$83) -> 0 | D90: =-GETPIVOTDATA("[Measures].[Sum of Summa min 2]",$E$83) -> 0 | E90: =C90-D90 -> 0
B91: Trolig nytta - trolig kostnad | C91: =GETPIVOTDATA("[Measures].[Sum of Summa 3]",$B$83) -> 0 | D91: =-GETPIVOTDATA("[Measures].[Sum of Summa 4]",$E$83) -> 0 | E91: =C91-D91 -> 0
B92: Högst nytta - högst kostnad | C92: =GETPIVOTDATA("[Measures].[Sum of Summa max]",$B$83) -> 0 | D92: =-GETPIVOTDATA("[Measures].[Sum of Summa max 2]",$E$83) -> 0 | E92: =C92-D92 -> 0
E94: Nettonytta per satsad kr
D95: (Lägst nytta - lägst kostnad) / Lägst kostnad | E95: =(E90/D90) -> #DIV/0!
D96: (Trolig nytta - trolig kostnad) / Trolig kostnad | E96: =(E91/D91) -> #DIV/0!
D97: (Högst nytta - högst kostnad) / Högst kostnad | E97: =(E92/D92) -> #DIV/0!
B100: Dynamisk text till diagramrubriker
B104: ="KOSTNAD/NYTTA (KR): "&" "&Namn_på_förändringen -> KOSTNAD/NYTTA (KR):
B106: ="Osäkerhet (KR): nytta, kostnad och nettonytta efter " &Input!B11 -> Osäkerhet (KR): nytta, kostnad och nettonytta efter 15 år

Sheet Input
B1: Input
B3: Kategorier | D3: Ej värderade | G3: Diskonteringsfaktorer
B4: ="Kvalitet " & _xlfn.UNICHAR(128420) -> Kvalitet 🖤 | D4: Stor ●●● | E4: 3 | G4: =Startar+COLUMNS($G:G)-1 -> 0 | H4: =Startar+COLUMNS($G:H)-1 -> 1 | I4: =Startar+COLUMNS($G:I)-1 -> 2 | J4: =Startar+COLUMNS($G:J)-1 -> 3 | K4: =Startar+COLUMNS($G:K)-1 -> 4 | L4: =Startar+COLUMNS($G:L)-1 -> 5 | M4: =Startar+COLUMNS($G:M)-1 -> 6 | N4: =Startar+COLUMNS($G:N)-1 -> 7 | O4: =Startar+COLUMNS($G:O)-1 -> 8 | P4: =Startar+COLUMNS($G:P)-1 -> 9 | Q4: =Startar+COLUMNS($G:Q)-1 -> 10 | R4: =Startar+COLUMNS($G:R)-1 -> 11 | S4: =Startar+COLUMNS($G:S)-1 -> 12 | T4: =Startar+COLUMNS($G:T)-1 -> 13 | U4: =Startar+COLUMNS($G:U)-1 -> 14 | V4: =Startar+COLUMNS($G:V)-1 -> 15 | W4: =Startar+COLUMNS($G:W)-1 -> 16 | X4: =Startar+COLUMNS($G:X)-1 -> 17 | Y4: =Startar+COLUMNS($G:Y)-1 -> 18 | Z4: =Startar+COLUMNS($G:Z)-1 -> 19 | AA4: =Startar+COLUMNS($G:AA)-1 -> 20 | AB4: =Startar+COLUMNS($G:AB)-1 -> 21 | AC4: =Startar+COLUMNS($G:AC)-1 -> 22 | AD4: =Startar+COLUMNS($G:AD)-1 -> 23 | AE4: =Startar+COLUMNS($G:AE)-1 -> 24
B5: Miljö 🍃 | D5: Måttlig ●● | E5: 2 | G5: =(1+Resultat!$O$2)^0 -> 1 | H5: =(1+Resultat!$O$2)^1 -> 1.03 | I5: =(1+Resultat!$O$2)^2 -> 1.0609 | J5: =(1+Resultat!$O$2)^3 -> 1.092727 | K5: =(1+Resultat!$O$2)^4 -> 1.1255088 | L5: =(1+Resultat!$O$2)^5 -> 1.1592741 | M5: =(1+Resultat!$O$2)^6 -> 1.1940523 | N5: =(1+Resultat!$O$2)^7 -> 1.2298739 | O5: =(1+Resultat!$O$2)^8 -> 1.2667701 | P5: =(1+Resultat!$O$2)^9 -> 1.3047732 | Q5: =(1+Resultat!$O$2)^10 -> 1.3439164 | R5: =(1+Resultat!$O$2)^11 -> 1.3842339 | S5: =(1+Resultat!$O$2)^12 -> 1.4257609 | T5: =(1+Resultat!$O$2)^13 -> 1.4685337 | U5: =(1+Resultat!$O$2)^14 -> 1.5125897 | V5: =(1+Resultat!$O$2)^15 -> 1.5579674 | W5: =(1+Resultat!$O$2)^16 -> 1.6047064 | X5: =(1+Resultat!$O$2)^17 -> 1.6528476 | Y5: =(1+Resultat!$O$2)^18 -> 1.7024331 | Z5: =(1+Resultat!$O$2)^19 -> 1.7535061 | AA5: =(1+Resultat!$O$2)^20 -> 1.8061112 | AB5: =(1+Resultat!$O$2)^21 -> 1.8602946 | AC5: =(1+Resultat!$O$2)^22 -> 1.9161034 | AD5: =(1+Resultat!$O$2)^23 -> 1.9735865 | AE5: =(1+Resultat!$O$2)^24 -> 2.0327941
B6: ="Omfördelning " & _xlfn.UNICHAR(8634) -> Omfördelning ↺ | D6: Liten ● | E6: 1
B7: ="Finansiell " & _xlfn.UNICHAR(128176) -> Finansiell 💰
B10: Tidshorisont i mallen
B11: 15 år

Sheet AN
A1: NID | B1: Rad NID uppe | C1: Rad NID nere | D1: Nytta | E1: Intressent | F1: Kategori | G1: Värdering | H1: Bedömning | I1: Bedömning siffra | J1: Troligt år 1 | K1: Troligt år 2 | L1: Troligt år 3 | M1: Troligt år 4 | N1: Troligt år 5 | O1: Troligt år 6 | P1: Troligt år 7 | Q1: Troligt år 8 | R1: Troligt år 9 | S1: Troligt år 10 | T1: Troligt år 11 | U1: Troligt år 12 | V1: Troligt år 13 | W1: Troligt år 14 | X1: Troligt år 15 | Y1: Summa | Z1: Min år 1 | AA1: Min år 2 | AB1: Min år 3 | AC1: Min år 4 | AD1: Min år 5 | AE1: Min år 6 | AF1: Min år 7 | AG1: Min år 8 | AH1: Min år 9 | AI1: Min år 10 | AJ1: Min år 11 | AK1: Min år 12 | AL1: Min år 13 | AM1: Min år 14 | AN1: Min år 15 | AO1: Summa min | AP1: Max år 1 | AQ1: Max år 2 | AR1: Max år 3 | AS1: Max år 4 | AT1: Max år 5 | AU1: Max år 6 | AV1: Max år 7 | AW1: Max år 8 | AX1: Max år 9 | AY1: Max år 10 | AZ1: Max år 11 | BA1: Max år 12 | BB1: Max år 13 | BC1: Max år 14 | BD1: Max år 15 | BE1: Summa max
A2: ="N"&TEXT(ROWS($A$2:A2),"00") -> N01 | B2: =IFERROR(_xlfn.XMATCH($A2,'Värde nyttor'!$B:$B,0),"") -> 12 | C2: =IFERROR(_xlfn.XMATCH($A2,'Värde nyttor'!$I:$I,0),"") -> 23 | D2: {=IFERROR(INDEX('Värde nyttor'!$C:$C,$B2),"")} -> 0 | E2: {=IFERROR(INDEX('Värde nyttor'!$C:$C,$B2+1),"")} -> 0 | F2: {=IFERROR(INDEX('Värde nyttor'!$C:$C,$B2+2),"")} -> 0 | G2: =IF($D2=0,"","Värderad") | J2: {=IFERROR(INDEX('Värde nyttor'!$J:$X,$C2+1,COLUMNS($J:J))/INDEX(Input!$G$5:$AE$5,COLUMNS($J:J)),"")} -> 0 | K2: {=IFERROR(INDEX('Värde nyttor'!$J:$X,$C2+1,COLUMNS($J:K))/INDEX(Input!$G$5:$AE$5,COLUMNS($J:K)),"")} -> 0 | L2: {=IFERROR(INDEX('Värde nyttor'!$J:$X,$C2+1,COLUMNS($J:L))/INDEX(Input!$G$5:$AE$5,COLUMNS($J:L)),"")} -> 0 | M2: {=IFERROR(INDEX('Värde nyttor'!$J:$X,$C2+1,COLUMNS($J:M))/INDEX(Input!$G$5:$AE$5,COLUMNS($J:M)),"")} -> 0 | N2: {=IFERROR(INDEX('Värde nyttor'!$J:$X,$C2+1,COLUMNS($J:N))/INDEX(Input!$G$5:$AE$5,COLUMNS($J:N)),"")} -> 0 | O2: {=IFERROR(INDEX('Värde nyttor'!$J:$X,$C2+1,COLUMNS($J:O))/INDEX(Input!$G$5:$AE$5,COLUMNS($J:O)),"")} -> 0 | P2: {=IFERROR(INDEX('Värde nyttor'!$J:$X,$C2+1,COLUMNS($J:P))/INDEX(Input!$G$5:$AE$5,COLUMNS($J:P)),"")} -> 0 | Q2: {=IFERROR(INDEX('Värde nyttor'!$J:$X,$C2+1,COLUMNS($J:Q))/INDEX(Input!$G$5:$AE$5,COLUMNS($J:Q)),"")} -> 0 | R2: {=IFERROR(INDEX('Värde nyttor'!$J:$X,$C2+1,COLUMNS($J:R))/INDEX(Input!$G$5:$AE$5,COLUMNS($J:R)),"")} -> 0 | S2: {=IFERROR(INDEX('Värde nyttor'!$J:$X,$C2+1,COLUMNS($J:S))/INDEX(Input!$G$5:$AE$5,COLUMNS($J:S)),"")} -> 0 | T2: {=IFERROR(INDEX('Värde nyttor'!$J:$X,$C2+1,COLUMNS($J:T))/INDEX(Input!$G$5:$AE$5,COLUMNS($J:T)),"")} -> 0 | U2: {=IFERROR(INDEX('Värde nyttor'!$J:$X,$C2+1,COLUMNS($J:U))/INDEX(Input!$G$5:$AE$5,COLUMNS($J:U)),"")} -> 0 | V2: {=IFERROR(INDEX('Värde nyttor'!$J:$X,$C2+1,COLUMNS($J:V))/INDEX(Input!$G$5:$AE$5,COLUMNS($J:V)),"")} -> 0 | W2: {=IFERROR(INDEX('Värde nyttor'!$J:$X,$C2+1,COLUMNS($J:W))/INDEX(Input!$G$5:$AE$5,COLUMNS($J:W)),"")} -> 0 | X2: {=IFERROR(INDEX('Värde nyttor'!$J:$X,$C2+1,COLUMNS($J:X))/INDEX(Input!$G$5:$AE$5,COLUMNS($J:X)),"")} -> 0 | Y2: =SUM(J2:X2) -> 0 | Z2: {=IFERROR(INDEX('Värde nyttor'!$J:$X,$C2+2,COLUMNS($J:J))/INDEX(Input!$G$5:$AE$5,COLUMNS($J:J)),"")} -> 0 | AA2: {=IFERROR(INDEX('Värde nyttor'!$J:$X,$C2+2,COLUMNS($J:K))/INDEX(Input!$G$5:$AE$5,COLUMNS($J:K)),"")} -> 0 | AB2: {=IFERROR(INDEX('Värde nyttor'!$J:$X,$C2+2,COLUMNS($J:L))/INDEX(Input!$G$5:$AE$5,COLUMNS($J:L)),"")} -> 0 | AC2: {=IFERROR(INDEX('Värde nyttor'!$J:$X,$C2+2,COLUMNS($J:M))/INDEX(Input!$G$5:$AE$5,COLUMNS($J:M)),"")} -> 0 | AD2: {=IFERROR(INDEX('Värde nyttor'!$J:$X,$C2+2,COLUMNS($J:N))/INDEX(Input!$G$5:$AE$5,COLUMNS($J:N)),"")} -> 0 | AE2: {=IFERROR(INDEX('Värde nyttor'!$J:$X,$C2+2,COLUMNS($J:O))/INDEX(Input!$G$5:$AE$5,COLUMNS($J:O)),"")} -> 0 | AF2: {=IFERROR(INDEX('Värde nyttor'!$J:$X,$C2+2,COLUMNS($J:P))/INDEX(Input!$G$5:$AE$5,COLUMNS($J:P)),"")} -> 0 | AG2: {=IFERROR(INDEX('Värde nyttor'!$J:$X,$C2+2,COLUMNS($J:Q))/INDEX(Input!$G$5:$AE$5,COLUMNS($J:Q)),"")} -> 0 | AH2: {=IFERROR(INDEX('Värde nyttor'!$J:$X,$C2+2,COLUMNS($J:R))/INDEX(Input!$G$5:$AE$5,COLUMNS($J:R)),"")} -> 0 | AI2: {=IFERROR(INDEX('Värde nyttor'!$J:$X,$C2+2,COLUMNS($J:S))/INDEX(Input!$G$5:$AE$5,COLUMNS($J:S)),"")} -> 0 | AJ2: {=IFERROR(INDEX('Värde nyttor'!$J:$X,$C2+2,COLUMNS($J:T))/INDEX(Input!$G$5:$AE$5,COLUMNS($J:T)),"")} -> 0 | AK2: {=IFERROR(INDEX('Värde nyttor'!$J:$X,$C2+2,COLUMNS($J:U))/INDEX(Input!$G$5:$AE$5,COLUMNS($J:U)),"")} -> 0 | AL2: {=IFERROR(INDEX('Värde nyttor'!$J:$X,$C2+2,COLUMNS($J:V))/INDEX(Input!$G$5:$AE$5,COLUMNS($J:V)),"")} -> 0 | AM2: {=IFERROR(INDEX('Värde nyttor'!$J:$X,$C2+2,COLUMNS($J:W))/INDEX(Input!$G$5:$AE$5,COLUMNS($J:W)),"")} -> 0 | AN2: {=IFERROR(INDEX('Värde nyttor'!$J:$X,$C2+2,COLUMNS($J:X))/INDEX(Input!$G$5:$AE$5,COLUMNS($J:X)),"")} -> 0 | AO2: =SUM(Z2:AN2) -> 0 | AP2: {=IFERROR(INDEX('Värde nyttor'!$J:$X,$C2+3,COLUMNS($J:J))/INDEX(Input!$G$5:$AE$5,COLUMNS($J:J)),"")} -> 0 | AQ2: {=IFERROR(INDEX('Värde nyttor'!$J:$X,$C2+3,COLUMNS($J:K))/INDEX(Input!$G$5:$AE$5,COLUMNS($J:K)),"")} -> 0 | AR2: {=IFERROR(INDEX('Värde nyttor'!$J:$X,$C2+3,COLUMNS($J:L))/INDEX(Input!$G$5:$AE$5,COLUMNS($J:L)),"")} -> 0 | AS2: {=IFERROR(INDEX('Värde nyttor'!$J:$X,$C2+3,COLUMNS($J:M))/INDEX(Input!$G$5:$AE$5,COLUMNS($J:M)),"")} -> 0 | AT2: {=IFERROR(INDEX('Värde nyttor'!$J:$X,$C2+3,COLUMNS($J:N))/INDEX(Input!$G$5:$AE$5,COLUMNS($J:N)),"")} -> 0 | AU2: {=IFERROR(INDEX('Värde nyttor'!$J:$X,$C2+3,COLUMNS($J:O))/INDEX(Input!$G$5:$AE$5,COLUMNS($J:O)),"")} -> 0 | AV2: {=IFERROR(INDEX('Värde nyttor'!$J:$X,$C2+3,COLUMNS($J:P))/INDEX(Input!$G$5:$AE$5,COLUMNS($J:P)),"")} -> 0 | AW2: {=IFERROR(INDEX('Värde nyttor'!$J:$X,$C2+3,COLUMNS($J:Q))/INDEX(Input!$G$5:$AE$5,COLUMNS($J:Q)),"")} -> 0 | AX2: {=IFERROR(INDEX('Värde nyttor'!$J:$X,$C2+3,COLUMNS($J:R))/INDEX(Input!$G$5:$AE$5,COLUMNS($J:R)),"")} -> 0 | AY2: {=IFERROR(INDEX('Värde nyttor'!$J:$X,$C2+3,COLUMNS($J:S))/INDEX(Input!$G$5:$AE$5,COLUMNS($J:S)),"")} -> 0 | AZ2: {=IFERROR(INDEX('Värde nyttor'!$J:$X,$C2+3,COLUMNS($J:T))/INDEX(Input!$G$5:$AE$5,COLUMNS($J:T)),"")} -> 0 | BA2: {=IFERROR(INDEX('Värde nyttor'!$J:$X,$C2+3,COLUMNS($J:U))/INDEX(Input!$G$5:$AE$5,COLUMNS($J:U)),"")} -> 0 | BB2: {=IFERROR(INDEX('Värde nyttor'!$J:$X,$C2+3,COLUMNS($J:V))/INDEX(Input!$G$5:$AE$5,COLUMNS($J:V)),"")} -> 0 | BC2: {=IFERROR(INDEX('Värde nyttor'!$J:$X,$C2+3,COLUMNS($J:W))/INDEX(Input!$G$5:$AE$5,COLUMNS($J:W)),"")} -> 0 | BD2: {=IFERROR(INDEX('Värde nyttor'!$J:$X,$C2+3,COLUMNS($J:X))/INDEX(Input!$G$5:$AE$5,COLUMNS($J:X)),"")} -> 0 | BE2: =SUM(AP2:BD2) -> 0
A3: ="N"&TEXT(ROWS($A$2:A3),"00") -> N02 | B3: =IFERROR(_xlfn.XMATCH($A3,'Värde nyttor'!$B:$B,0),"") -> 31 | C3: =IFERROR(_xlfn.XMATCH($A3,'Värde nyttor'!$I:$I,0),"") -> 42 | D3: {=IFERROR(INDEX('Värde nyttor'!$C:$C,$B3),"")} -> 0 | E3: {=IFERROR(INDEX('Värde nyttor'!$C:$C,$B3+1),"")} -> 0 | F3: {=IFERROR(INDEX('Värde nyttor'!$C:$C,$B3+2),"")} -> 0 | G3: =IF($D3=0,"","Värderad") | J3: {=IFERROR(INDEX('Värde nyttor'!$J:$X,$C3+1,COLUMNS($J:J))/INDEX(Input!$G$5:$AE$5,COLUMNS($J:J)),"")} -> 0 | K3: {=IFERROR(INDEX('Värde nyttor'!$J:$X,$C3+1,COLUMNS($J:K))/INDEX(Input!$G$5:$AE$5,COLUMNS($J:K)),"")} -> 0 | L3: {=IFERROR(INDEX('Värde nyttor'!$J:$X,$C3+1,COLUMNS($J:L))/INDEX(Input!$G$5:$AE$5,COLUMNS($J:L)),"")} -> 0 | M3: {=IFERROR(INDEX('Värde nyttor'!$J:$X,$C3+1,COLUMNS($J:M))/INDEX(Input!$G$5:$AE$5,COLUMNS($J:M)),"")} -> 0 | N3: {=IFERROR(INDEX('Värde nyttor'!$J:$X,$C3+1,COLUMNS($J:N))/INDEX(Input!$G$5:$AE$5,COLUMNS($J:N)),"")} -> 0 | O3: {=IFERROR(INDEX('Värde nyttor'!$J:$X,$C3+1,COLUMNS($J:O))/INDEX(Input!$G$5:$AE$5,COLUMNS($J:O)),"")} -> 0 | P3: {=IFERROR(INDEX('Värde nyttor'!$J:$X,$C3+1,COLUMNS($J:P))/INDEX(Input!$G$5:$AE$5,COLUMNS($J:P)),"")} -> 0 | Q3: {=IFERROR(INDEX('Värde nyttor'!$J:$X,$C3+1,COLUMNS($J:Q))/INDEX(Input!$G$5:$AE$5,COLUMNS($J:Q)),"")} -> 0 | R3: {=IFERROR(INDEX('Värde nyttor'!$J:$X,$C3+1,COLUMNS($J:R))/INDEX(Input!$G$5:$AE$5,COLUMNS($J:R)),"")} -> 0 | S3: {=IFERROR(INDEX('Värde nyttor'!$J:$X,$C3+1,COLUMNS($J:S))/INDEX(Input!$G$5:$AE$5,COLUMNS($J:S)),"")} -> 0 | T3: {=IFERROR(INDEX('Värde nyttor'!$J:$X,$C3+1,COLUMNS($J:T))/INDEX(Input!$G$5:$AE$5,COLUMNS($J:T)),"")} -> 0 | U3: {=IFERROR(INDEX('Värde nyttor'!$J:$X,$C3+1,COLUMNS($J:U))/INDEX(Input!$G$5:$AE$5,COLUMNS($J:U)),"")} -> 0 | V3: {=IFERROR(INDEX('Värde nyttor'!$J:$X,$C3+1,COLUMNS($J:V))/INDEX(Input!$G$5:$AE$5,COLUMNS($J:V)),"")} -> 0 | W3: {=IFERROR(INDEX('Värde nyttor'!$J:$X,$C3+1,COLUMNS($J:W))/INDEX(Input!$G$5:$AE$5,COLUMNS($J:W)),"")} -> 0 | X3: {=IFERROR(INDEX('Värde nyttor'!$J:$X,$C3+1,COLUMNS($J:X))/INDEX(Input!$G$5:$AE$5,COLUMNS($J:X)),"")} -> 0 | Y3: =SUM(J3:X3) -> 0 | Z3: {=IFERROR(INDEX('Värde nyttor'!$J:$X,$C3+2,COLUMNS($J:J))/INDEX(Input!$G$5:$AE$5,COLUMNS($J:J)),"")} -> 0 | AA3: {=IFERROR(INDEX('Värde nyttor'!$J:$X,$C3+2,COLUMNS($J:K))/INDEX(Input!$G$5:$AE$5,COLUMNS($J:K)),"")} -> 0 | AB3: {=IFERROR(INDEX('Värde nyttor'!$J:$X,$C3+2,COLUMNS($J:L))/INDEX(Input!$G$5:$AE$5,COLUMNS($J:L)),"")} -> 0 | AC3: {=IFERROR(INDEX('Värde nyttor'!$J:$X,$C3+2,COLUMNS($J:M))/INDEX(Input!$G$5:$AE$5,COLUMNS($J:M)),"")} -> 0 | AD3: {=IFERROR(INDEX('Värde nyttor'!$J:$X,$C3+2,COLUMNS($J:N))/INDEX(Input!$G$5:$AE$5,COLUMNS($J:N)),"")} -> 0 | AE3: {=IFERROR(INDEX('Värde nyttor'!$J:$X,$C3+2,COLUMNS($J:O))/INDEX(Input!$G$5:$AE$5,COLUMNS($J:O)),"")} -> 0 | AF3: {=IFERROR(INDEX('Värde nyttor'!$J:$X,$C3+2,COLUMNS($J:P))/INDEX(Input!$G$5:$AE$5,COLUMNS($J:P)),"")} -> 0 | AG3: {=IFERROR(INDEX('Värde nyttor'!$J:$X,$C3+2,COLUMNS($J:Q))/INDEX(Input!$G$5:$AE$5,COLUMNS($J:Q)),"")} -> 0 | AH3: {=IFERROR(INDEX('Värde nyttor'!$J:$X,$C3+2,COLUMNS($J:R))/INDEX(Input!$G$5:$AE$5,COLUMNS($J:R)),"")} -> 0 | AI3: {=IFERROR(INDEX('Värde nyttor'!$J:$X,$C3+2,COLUMNS($J:S))/INDEX(Input!$G$5:$AE$5,COLUMNS($J:S)),"")} -> 0 | AJ3: {=IFERROR(INDEX('Värde nyttor'!$J:$X,$C3+2,COLUMNS($J:T))/INDEX(Input!$G$5:$AE$5,COLUMNS($J:T)),"")} -> 0 | AK3: {=IFERROR(INDEX('Värde nyttor'!$J:$X,$C3+2,COLUMNS($J:U))/INDEX(Input!$G$5:$AE$5,COLUMNS($J:U)),"")} -> 0 | AL3: {=IFERROR(INDEX('Värde nyttor'!$J:$X,$C3+2,COLUMNS($J:V))/INDEX(Input!$G$5:$AE$5,COLUMNS($J:V)),"")} -> 0 | AM3: {=IFERROR(INDEX('Värde nyttor'!$J:$X,$C3+2,COLUMNS($J:W))/INDEX(Input!$G$5:$AE$5,COLUMNS($J:W)),"")} -> 0 | AN3: {=IFERROR(INDEX('Värde nyttor'!$J:$X,$C3+2,COLUMNS($J:X))/INDEX(Input!$G$5:$AE$5,COLUMNS($J:X)),"")} -> 0 | AO3: =SUM(Z3:AN3) -> 0 | AP3: {=IFERROR(INDEX('Värde nyttor'!$J:$X,$C3+3,COLUMNS($J:J))/INDEX(Input!$G$5:$AE$5,COLUMNS($J:J)),"")} -> 0 | AQ3: {=IFERROR(INDEX('Värde nyttor'!$J:$X,$C3+3,COLUMNS($J:K))/INDEX(Input!$G$5:$AE$5,COLUMNS($J:K)),"")} -> 0 | AR3: {=IFERROR(INDEX('Värde nyttor'!$J:$X,$C3+3,COLUMNS($J:L))/INDEX(Input!$G$5:$AE$5,COLUMNS($J:L)),"")} -> 0 | AS3: {=IFERROR(INDEX('Värde nyttor'!$J:$X,$C3+3,COLUMNS($J:M))/INDEX(Input!$G$5:$AE$5,COLUMNS($J:M)),"")} -> 0 | AT3: {=IFERROR(INDEX('Värde nyttor'!$J:$X,$C3+3,COLUMNS($J:N))/INDEX(Input!$G$5:$AE$5,COLUMNS($J:N)),"")} -> 0 | AU3: {=IFERROR(INDEX('Värde nyttor'!$J:$X,$C3+3,COLUMNS($J:O))/INDEX(Input!$G$5:$AE$5,COLUMNS($J:O)),"")} -> 0 | AV3: {=IFERROR(INDEX('Värde nyttor'!$J:$X,$C3+3,COLUMNS($J:P))/INDEX(Input!$G$5:$AE$5,COLUMNS($J:P)),"")} -> 0 | AW3: {=IFERROR(INDEX('Värde nyttor'!$J:$X,$C3+3,COLUMNS($J:Q))/INDEX(Input!$G$5:$AE$5,COLUMNS($J:Q)),"")} -> 0 | AX3: {=IFERROR(INDEX('Värde nyttor'!$J:$X,$C3+3,COLUMNS($J:R))/INDEX(Input!$G$5:$AE$5,COLUMNS($J:R)),"")} -> 0 | AY3: {=IFERROR(INDEX('Värde nyttor'!$J:$X,$C3+3,COLUMNS($J:S))/INDEX(Input!$G$5:$AE$5,COLUMNS($J:S)),"")} -> 0 | AZ3: {=IFERROR(INDEX('Värde nyttor'!$J:$X,$C3+3,COLUMNS($J:T))/INDEX(Input!$G$5:$AE$5,COLUMNS($J:T)),"")} -> 0 | BA3: {=IFERROR(INDEX('Värde nyttor'!$J:$X,$C3+3,COLUMNS($J:U))/INDEX(Input!$G$5:$AE$5,COLUMNS($J:U)),"")} -> 0 | BB3: {=IFERROR(INDEX('Värde nyttor'!$J:$X,$C3+3,COLUMNS($J:V))/INDEX(Input!$G$5:$AE$5,COLUMNS($J:V)),"")} -> 0 | BC3: {=IFERROR(INDEX('Värde nyttor'!$J:$X,$C3+3,COLUMNS($J:W))/INDEX(Input!$G$5:$AE$5,COLUMNS($J:W)),"")} -> 0 | BD3: {=IFERROR(INDEX('Värde nyttor'!$J:$X,$C3+3,COLUMNS($J:X))/INDEX(Input!$G$5:$AE$5,COLUMNS($J:X)),"")} -> 0 | BE3: =SUM(AP3:BD3) -> 0
A4: ="N"&TEXT(ROWS($A$2:A4),"00") -> N03 | B4: =IFERROR(_xlfn.XMATCH($A4,'Värde nyttor'!$B:$B,0),"") -> 50 | C4: =IFERROR(_xlfn.XMATCH($A4,'Värde nyttor'!$I:$I,0),"") -> 61 | D4: {=IFERROR(INDEX('Värde nyttor'!$C:$C,$B4),"")} -> 0 | E4: {=IFERROR(INDEX('Värde nyttor'!$C:$C,$B4+1),"")} -> 0 | F4: {=IFERROR(INDEX('Värde nyttor'!$C:$C,$B4+2),"")} -> 0 | G4: =IF($D4=0,"","Värderad") | J4: {=IFERROR(INDEX('Värde nyttor'!$J:$X,$C4+1,COLUMNS($J:J))/INDEX(Input!$G$5:$AE$5,COLUMNS($J:J)),"")} -> 0 | K4: {=IFERROR(INDEX('Värde nyttor'!$J:$X,$C4+1,COLUMNS($J:K))/INDEX(Input!$G$5:$AE$5,COLUMNS($J:K)),"")} -> 0 | L4: {=IFERROR(INDEX('Värde nyttor'!$J:$X,$C4+1,COLUMNS($J:L))/INDEX(Input!$G$5:$AE$5,COLUMNS($J:L)),"")} -> 0 | M4: {=IFERROR(INDEX('Värde nyttor'!$J:$X,$C4+1,COLUMNS($J:M))/INDEX(Input!$G$5:$AE$5,COLUMNS($J:M)),"")} -> 0 | N4: {=IFERROR(INDEX('Värde nyttor'!$J:$X,$C4+1,COLUMNS($J:N))/INDEX(Input!$G$5:$AE$5,COLUMNS($J:N)),"")} -> 0 | O4: {=IFERROR(INDEX('Värde nyttor'!$J:$X,$C4+1,COLUMNS($J:O))/INDEX(Input!$G$5:$AE$5,COLUMNS($J:O)),"")} -> 0 | P4: {=IFERROR(INDEX('Värde nyttor'!$J:$X,$C4+1,COLUMNS($J:P))/INDEX(Input!$G$5:$AE$5,COLUMNS($J:P)),"")} -> 0 | Q4: {=IFERROR(INDEX('Värde nyttor'!$J:$X,$C4+1,COLUMNS($J:Q))/INDEX(Input!$G$5:$AE$5,COLUMNS($J:Q)),"")} -> 0 | R4: {=IFERROR(INDEX('Värde nyttor'!$J:$X,$C4+1,COLUMNS($J:R))/INDEX(Input!$G$5:$AE$5,COLUMNS($J:R)),"")} -> 0 | S4: {=IFERROR(INDEX('Värde nyttor'!$J:$X,$C4+1,COLUMNS($J:S))/INDEX(Input!$G$5:$AE$5,COLUMNS($J:S)),"")} -> 0 | T4: {=IFERROR(INDEX('Värde nyttor'!$J:$X,$C4+1,COLUMNS($J:T))/INDEX(Input!$G$5:$AE$5,COLUMNS($J:T)),"")} -> 0 | U4: {=IFERROR(INDEX('Värde nyttor'!$J:$X,$C4+1,COLUMNS($J:U))/INDEX(Input!$G$5:$AE$5,COLUMNS($J:U)),"")} -> 0 | V4: {=IFERROR(INDEX('Värde nyttor'!$J:$X,$C4+1,COLUMNS($J:V))/INDEX(Input!$G$5:$AE$5,COLUMNS($J:V)),"")} -> 0 | W4: {=IFERROR(INDEX('Värde nyttor'!$J:$X,$C4+1,COLUMNS($J:W))/INDEX(Input!$G$5:$AE$5,COLUMNS($J:W)),"")} -> 0 | X4: {=IFERROR(INDEX('Värde nyttor'!$J:$X,$C4+1,COLUMNS($J:X))/INDEX(Input!$G$5:$AE$5,COLUMNS($J:X)),"")} -> 0 | Y4: =SUM(J4:X4) -> 0 | Z4: {=IFERROR(INDEX('Värde nyttor'!$J:$X,$C4+2,COLUMNS($J:J))/INDEX(Input!$G$5:$AE$5,COLUMNS($J:J)),"")} -> 0 | AA4: {=IFERROR(INDEX('Värde nyttor'!$J:$X,$C4+2,COLUMNS($J:K))/INDEX(Input!$G$5:$AE$5,COLUMNS($J:K)),"")} -> 0 | AB4: {=IFERROR(INDEX('Värde nyttor'!$J:$X,$C4+2,COLUMNS($J:L))/INDEX(Input!$G$5:$AE$5,COLUMNS($J:L)),"")} -> 0 | AC4: {=IFERROR(INDEX('Värde nyttor'!$J:$X,$C4+2,COLUMNS($J:M))/INDEX(Input!$G$5:$AE$5,COLUMNS($J:M)),"")} -> 0 | AD4: {=IFERROR(INDEX('Värde nyttor'!$J:$X,$C4+2,COLUMNS($J:N))/INDEX(Input!$G$5:$AE$5,COLUMNS($J:N)),"")} -> 0 | AE4: {=IFERROR(INDEX('Värde nyttor'!$J:$X,$C4+2,COLUMNS($J:O))/INDEX(Input!$G$5:$AE$5,COLUMNS($J:O)),"")} -> 0 | AF4: {=IFERROR(INDEX('Värde nyttor'!$J:$X,$C4+2,COLUMNS($J:P))/INDEX(Input!$G$5:$AE$5,COLUMNS($J:P)),"")} -> 0 | AG4: {=IFERROR(INDEX('Värde nyttor'!$J:$X,$C4+2,COLUMNS($J:Q))/INDEX(Input!$G$5:$AE$5,COLUMNS($J:Q)),"")} -> 0 | AH4: {=IFERROR(INDEX('Värde nyttor'!$J:$X,$C4+2,COLUMNS($J:R))/INDEX(Input!$G$5:$AE$5,COLUMNS($J:R)),"")} -> 0 | AI4: {=IFERROR(INDEX('Värde nyttor'!$J:$X,$C4+2,COLUMNS($J:S))/INDEX(Input!$G$5:$AE$5,COLUMNS($J:S)),"")} -> 0 | AJ4: {=IFERROR(INDEX('Värde nyttor'!$J:$X,$C4+2,COLUMNS($J:T))/INDEX(Input!$G$5:$AE$5,COLUMNS($J:T)),"")} -> 0 | AK4: {=IFERROR(INDEX('Värde nyttor'!$J:$X,$C4+2,COLUMNS($J:U))/INDEX(Input!$G$5:$AE$5,COLUMNS($J:U)),"")} -> 0 | AL4: {=IFERROR(INDEX('Värde nyttor'!$J:$X,$C4+2,COLUMNS($J:V))/INDEX(Input!$G$5:$AE$5,COLUMNS($J:V)),"")} -> 0 | AM4: {=IFERROR(INDEX('Värde nyttor'!$J:$X,$C4+2,COLUMNS($J:W))/INDEX(Input!$G$5:$AE$5,COLUMNS($J:W)),"")} -> 0 | AN4: {=IFERROR(INDEX('Värde nyttor'!$J:$X,$C4+2,COLUMNS($J:X))/INDEX(Input!$G$5:$AE$5,COLUMNS($J:X)),"")} -> 0 | AO4: =SUM(Z4:AN4) -> 0 | AP4: {=IFERROR(INDEX('Värde nyttor'!$J:$X,$C4+3,COLUMNS($J:J))/INDEX(Input!$G$5:$AE$5,COLUMNS($J:J)),"")} -> 0 | AQ4: {=IFERROR(INDEX('Värde nyttor'!$J:$X,$C4+3,COLUMNS($J:K))/INDEX(Input!$G$5:$AE$5,COLUMNS($J:K)),"")} -> 0 | AR4: {=IFERROR(INDEX('Värde nyttor'!$J:$X,$C4+3,COLUMNS($J:L))/INDEX(Input!$G$5:$AE$5,COLUMNS($J:L)),"")} -> 0 | AS4: {=IFERROR(INDEX('Värde nyttor'!$J:$X,$C4+3,COLUMNS($J:M))/INDEX(Input!$G$5:$AE$5,COLUMNS($J:M)),"")} -> 0 | AT4: {=IFERROR(INDEX('Värde nyttor'!$J:$X,$C4+3,COLUMNS($J:N))/INDEX(Input!$G$5:$AE$5,COLUMNS($J:N)),"")} -> 0 | AU4: {=IFERROR(INDEX('Värde nyttor'!$J:$X,$C4+3,COLUMNS($J:O))/INDEX(Input!$G$5:$AE$5,COLUMNS($J:O)),"")} -> 0 | AV4: {=IFERROR(INDEX('Värde nyttor'!$J:$X,$C4+3,COLUMNS($J:P))/INDEX(Input!$G$5:$AE$5,COLUMNS($J:P)),"")} -> 0 | AW4: {=IFERROR(INDEX('Värde nyttor'!$J:$X,$C4+3,COLUMNS($J:Q))/INDEX(Input!$G$5:$AE$5,COLUMNS($J:Q)),"")} -> 0 | AX4: {=IFERROR(INDEX('Värde nyttor'!$J:$X,$C4+3,COLUMNS($J:R))/INDEX(Input!$G$5:$AE$5,COLUMNS($J:R)),"")} -> 0 | AY4: {=IFERROR(INDEX('Värde nyttor'!$J:$X,$C4+3,COLUMNS($J:S))/INDEX(Input!$G$5:$AE$5,COLUMNS($J:S)),"")} -> 0 | AZ4: {=IFERROR(INDEX('Värde nyttor'!$J:$X,$C4+3,COLUMNS($J:T))/INDEX(Input!$G$5:$AE$5,COLUMNS($J:T)),"")} -> 0 | BA4: {=IFERROR(INDEX('Värde nyttor'!$J:$X,$C4+3,COLUMNS($J:U))/INDEX(Input!$G$5:$AE$5,COLUMNS($J:U)),"")} -> 0 | BB4: {=IFERROR(INDEX('Värde nyttor'!$J:$X,$C4+3,COLUMNS($J:V))/INDEX(Input!$G$5:$AE$5,COLUMNS($J:V)),"")} -> 0 | BC4: {=IFERROR(INDEX('Värde nyttor'!$J:$X,$C4+3,COLUMNS($J:W))/INDEX(Input!$G$5:$AE$5,COLUMNS($J:W)),"")} -> 0 | BD4: {=IFERROR(INDEX('Värde nyttor'!$J:$X,$C4+3,COLUMNS($J:X))/INDEX(Input!$G$5:$AE$5,COLUMNS($J:X)),"")} -> 0 | BE4: =SUM(AP4:BD4) -> 0
A5: ="N"&TEXT(ROWS($A$2:A5),"00") -> N04 | B5: =IFERROR(_xlfn.XMATCH($A5,'Värde nyttor'!$B:$B,0),"") -> 69 | C5: =IFERROR(_xlfn.XMATCH($A5,'Värde nyttor'!$I:$I,0),"") -> 80 | D5: {=IFERROR(INDEX('Värde nyttor'!$C:$C,$B5),"")} -> 0 | E5: {=IFERROR(INDEX('Värde nyttor'!$C:$C,$B5+1),"")} -> 0 | F5: {=IFERROR(INDEX('Värde nyttor'!$C:$C,$B5+2),"")} -> 0 | G5: =IF($D5=0,"","Värderad") | J5: {=IFERROR(INDEX('Värde nyttor'!$J:$X,$C5+1,COLUMNS($J:J))/INDEX(Input!$G$5:$AE$5,COLUMNS($J:J)),"")} -> 0 | K5: {=IFERROR(INDEX('Värde nyttor'!$J:$X,$C5+1,COLUMNS($J:K))/INDEX(Input!$G$5:$AE$5,COLUMNS($J:K)),"")} -> 0 | L5: {=IFERROR(INDEX('Värde nyttor'!$J:$X,$C5+1,COLUMNS($J:L))/INDEX(Input!$G$5:$AE$5,COLUMNS($J:L)),"")} -> 0 | M5: {=IFERROR(INDEX('Värde nyttor'!$J:$X,$C5+1,COLUMNS($J:M))/INDEX(Input!$G$5:$AE$5,COLUMNS($J:M)),"")} -> 0 | N5: {=IFERROR(INDEX('Värde nyttor'!$J:$X,$C5+1,COLUMNS($J:N))/INDEX(Input!$G$5:$AE$5,COLUMNS($J:N)),"")} -> 0 | O5: {=IFERROR(INDEX('Värde nyttor'!$J:$X,$C5+1,COLUMNS($J:O))/INDEX(Input!$G$5:$AE$5,COLUMNS($J:O)),"")} -> 0 | P5: {=IFERROR(INDEX('Värde nyttor'!$J:$X,$C5+1,COLUMNS($J:P))/INDEX(Input!$G$5:$AE$5,COLUMNS($J:P)),"")} -> 0 | Q5: {=IFERROR(INDEX('Värde nyttor'!$J:$X,$C5+1,COLUMNS($J:Q))/INDEX(Input!$G$5:$AE$5,COLUMNS($J:Q)),"")} -> 0 | R5: {=IFERROR(INDEX('Värde nyttor'!$J:$X,$C5+1,COLUMNS($J:R))/INDEX(Input!$G$5:$AE$5,COLUMNS($J:R)),"")} -> 0 | S5: {=IFERROR(INDEX('Värde nyttor'!$J:$X,$C5+1,COLUMNS($J:S))/INDEX(Input!$G$5:$AE$5,COLUMNS($J:S)),"")} -> 0 | T5: {=IFERROR(INDEX('Värde nyttor'!$J:$X,$C5+1,COLUMNS($J:T))/INDEX(Input!$G$5:$AE$5,COLUMNS($J:T)),"")} -> 0 | U5: {=IFERROR(INDEX('Värde nyttor'!$J:$X,$C5+1,COLUMNS($J:U))/INDEX(Input!$G$5:$AE$5,COLUMNS($J:U)),"")} -> 0 | V5: {=IFERROR(INDEX('Värde nyttor'!$J:$X,$C5+1,COLUMNS($J:V))/INDEX(Input!$G$5:$AE$5,COLUMNS($J:V)),"")} -> 0 | W5: {=IFERROR(INDEX('Värde nyttor'!$J:$X,$C5+1,COLUMNS($J:W))/INDEX(Input!$G$5:$AE$5,COLUMNS($J:W)),"")} -> 0 | X5: {=IFERROR(INDEX('Värde nyttor'!$J:$X,$C5+1,COLUMNS($J:X))/INDEX(Input!$G$5:$AE$5,COLUMNS($J:X)),"")} -> 0 | Y5: =SUM(J5:X5) -> 0 | Z5: {=IFERROR(INDEX('Värde nyttor'!$J:$X,$C5+2,COLUMNS($J:J))/INDEX(Input!$G$5:$AE$5,COLUMNS($J:J)),"")} -> 0 | AA5: {=IFERROR(INDEX('Värde nyttor'!$J:$X,$C5+2,COLUMNS($J:K))/INDEX(Input!$G$5:$AE$5,COLUMNS($J:K)),"")} -> 0 | AB5: {=IFERROR(INDEX('Värde nyttor'!$J:$X,$C5+2,COLUMNS($J:L))/INDEX(Input!$G$5:$AE$5,COLUMNS($J:L)),"")} -> 0 | AC5: {=IFERROR(INDEX('Värde nyttor'!$J:$X,$C5+2,COLUMNS($J:M))/INDEX(Input!$G$5:$AE$5,COLUMNS($J:M)),"")} -> 0 | AD5: {=IFERROR(INDEX('Värde nyttor'!$J:$X,$C5+2,COLUMNS($J:N))/INDEX(Input!$G$5:$AE$5,COLUMNS($J:N)),"")} -> 0 | AE5: {=IFERROR(INDEX('Värde nyttor'!$J:$X,$C5+2,COLUMNS($J:O))/INDEX(Input!$G$5:$AE$5,COLUMNS($J:O)),"")} -> 0 | AF5: {=IFERROR(INDEX('Värde nyttor'!$J:$X,$C5+2,COLUMNS($J:P))/INDEX(Input!$G$5:$AE$5,COLUMNS($J:P)),"")} -> 0 | AG5: {=IFERROR(INDEX('Värde nyttor'!$J:$X,$C5+2,COLUMNS($J:Q))/INDEX(Input!$G$5:$AE$5,COLUMNS($J:Q)),"")} -> 0 | AH5: {=IFERROR(INDEX('Värde nyttor'!$J:$X,$C5+2,COLUMNS($J:R))/INDEX(Input!$G$5:$AE$5,COLUMNS($J:R)),"")} -> 0 | AI5: {=IFERROR(INDEX('Värde nyttor'!$J:$X,$C5+2,COLUMNS($J:S))/INDEX(Input!$G$5:$AE$5,COLUMNS($J:S)),"")} -> 0 | AJ5: {=IFERROR(INDEX('Värde nyttor'!$J:$X,$C5+2,COLUMNS($J:T))/INDEX(Input!$G$5:$AE$5,COLUMNS($J:T)),"")} -> 0 | AK5: {=IFERROR(INDEX('Värde nyttor'!$J:$X,$C5+2,COLUMNS($J:U))/INDEX(Input!$G$5:$AE$5,COLUMNS($J:U)),"")} -> 0 | AL5: {=IFERROR(INDEX('Värde nyttor'!$J:$X,$C5+2,COLUMNS($J:V))/INDEX(Input!$G$5:$AE$5,COLUMNS($J:V)),"")} -> 0 | AM5: {=IFERROR(INDEX('Värde nyttor'!$J:$X,$C5+2,COLUMNS($J:W))/INDEX(Input!$G$5:$AE$5,COLUMNS($J:W)),"")} -> 0 | AN5: {=IFERROR(INDEX('Värde nyttor'!$J:$X,$C5+2,COLUMNS($J:X))/INDEX(Input!$G$5:$AE$5,COLUMNS($J:X)),"")} -> 0 | AO5: =SUM(Z5:AN5) -> 0 | AP5: {=IFERROR(INDEX('Värde nyttor'!$J:$X,$C5+3,COLUMNS($J:J))/INDEX(Input!$G$5:$AE$5,COLUMNS($J:J)),"")} -> 0 | AQ5: {=IFERROR(INDEX('Värde nyttor'!$J:$X,$C5+3,COLUMNS($J:K))/INDEX(Input!$G$5:$AE$5,COLUMNS($J:K)),"")} -> 0 | AR5: {=IFERROR(INDEX('Värde nyttor'!$J:$X,$C5+3,COLUMNS($J:L))/INDEX(Input!$G$5:$AE$5,COLUMNS($J:L)),"")} -> 0 | AS5: {=IFERROR(INDEX('Värde nyttor'!$J:$X,$C5+3,COLUMNS($J:M))/INDEX(Input!$G$5:$AE$5,COLUMNS($J:M)),"")} -> 0 | AT5: {=IFERROR(INDEX('Värde nyttor'!$J:$X,$C5+3,COLUMNS($J:N))/INDEX(Input!$G$5:$AE$5,COLUMNS($J:N)),"")} -> 0 | AU5: {=IFERROR(INDEX('Värde nyttor'!$J:$X,$C5+3,COLUMNS($J:O))/INDEX(Input!$G$5:$AE$5,COLUMNS($J:O)),"")} -> 0 | AV5: {=IFERROR(INDEX('Värde nyttor'!$J:$X,$C5+3,COLUMNS($J:P))/INDEX(Input!$G$5:$AE$5,COLUMNS($J:P)),"")} -> 0 | AW5: {=IFERROR(INDEX('Värde nyttor'!$J:$X,$C5+3,COLUMNS($J:Q))/INDEX(Input!$G$5:$AE$5,COLUMNS($J:Q)),"")} -> 0 | AX5: {=IFERROR(INDEX('Värde nyttor'!$J:$X,$C5+3,COLUMNS($J:R))/INDEX(Input!$G$5:$AE$5,COLUMNS($J:R)),"")} -> 0 | AY5: {=IFERROR(INDEX('Värde nyttor'!$J:$X,$C5+3,COLUMNS($J:S))/INDEX(Input!$G$5:$AE$5,COLUMNS($J:S)),"")} -> 0 | AZ5: {=IFERROR(INDEX('Värde nyttor'!$J:$X,$C5+3,COLUMNS($J:T))/INDEX(Input!$G$5:$AE$5,COLUMNS($J:T)),"")} -> 0 | BA5: {=IFERROR(INDEX('Värde nyttor'!$J:$X,$C5+3,COLUMNS($J:U))/INDEX(Input!$G$5:$AE$5,COLUMNS($J:U)),"")} -> 0 | BB5: {=IFERROR(INDEX('Värde nyttor'!$J:$X,$C5+3,COLUMNS($J:V))/INDEX(Input!$G$5:$AE$5,COLUMNS($J:V)),"")} -> 0 | BC5: {=IFERROR(INDEX('Värde nyttor'!$J:$X,$C5+3,COLUMNS($J:W))/INDEX(Input!$G$5:$AE$5,COLUMNS($J:W)),"")} -> 0 | BD5: {=IFERROR(INDEX('Värde nyttor'!$J:$X,$C5+3,COLUMNS($J:X))/INDEX(Input!$G$5:$AE$5,COLUMNS($J:X)),"")} -> 0 | BE5: =SUM(AP5:BD5) -> 0
A6: ="N"&TEXT(ROWS($A$2:A6),"00") -> N05 | B6: =IFERROR(_xlfn.XMATCH($A6,'Värde nyttor'!$B:$B,0),"") -> 88 | C6: =IFERROR(_xlfn.XMATCH($A6,'Värde nyttor'!$I:$I,0),"") -> 99 | D6: {=IFERROR(INDEX('Värde nyttor'!$C:$C,$B6),"")} -> 0 | E6: {=IFERROR(INDEX('Värde nyttor'!$C:$C,$B6+1),"")} -> 0 | F6: {=IFERROR(INDEX('Värde nyttor'!$C:$C,$B6+2),"")} -> 0 | G6: =IF($D6=0,"","Värderad") | J6: {=IFERROR(INDEX('Värde nyttor'!$J:$X,$C6+1,COLUMNS($J:J))/INDEX(Input!$G$5:$AE$5,COLUMNS($J:J)),"")} -> 0 | K6: {=IFERROR(INDEX('Värde nyttor'!$J:$X,$C6+1,COLUMNS($J:K))/INDEX(Input!$G$5:$AE$5,COLUMNS($J:K)),"")} -> 0 | L6: {=IFERROR(INDEX('Värde nyttor'!$J:$X,$C6+1,COLUMNS($J:L))/INDEX(Input!$G$5:$AE$5,COLUMNS($J:L)),"")} -> 0 | M6: {=IFERROR(INDEX('Värde nyttor'!$J:$X,$C6+1,COLUMNS($J:M))/INDEX(Input!$G$5:$AE$5,COLUMNS($J:M)),"")} -> 0 | N6: {=IFERROR(INDEX('Värde nyttor'!$J:$X,$C6+1,COLUMNS($J:N))/INDEX(Input!$G$5:$AE$5,COLUMNS($J:N)),"")} -> 0 | O6: {=IFERROR(INDEX('Värde nyttor'!$J:$X,$C6+1,COLUMNS($J:O))/INDEX(Input!$G$5:$AE$5,COLUMNS($J:O)),"")} -> 0 | P6: {=IFERROR(INDEX('Värde nyttor'!$J:$X,$C6+1,COLUMNS($J:P))/INDEX(Input!$G$5:$AE$5,COLUMNS($J:P)),"")} -> 0 | Q6: {=IFERROR(INDEX('Värde nyttor'!$J:$X,$C6+1,COLUMNS($J:Q))/INDEX(Input!$G$5:$AE$5,COLUMNS($J:Q)),"")} -> 0 | R6: {=IFERROR(INDEX('Värde nyttor'!$J:$X,$C6+1,COLUMNS($J:R))/INDEX(Input!$G$5:$AE$5,COLUMNS($J:R)),"")} -> 0 | S6: {=IFERROR(INDEX('Värde nyttor'!$J:$X,$C6+1,COLUMNS($J:S))/INDEX(Input!$G$5:$AE$5,COLUMNS($J:S)),"")} -> 0 | T6: {=IFERROR(INDEX('Värde nyttor'!$J:$X,$C6+1,COLUMNS($J:T))/INDEX(Input!$G$5:$AE$5,COLUMNS($J:T)),"")} -> 0 | U6: {=IFERROR(INDEX('Värde nyttor'!$J:$X,$C6+1,COLUMNS($J:U))/INDEX(Input!$G$5:$AE$5,COLUMNS($J:U)),"")} -> 0 | V6: {=IFERROR(INDEX('Värde nyttor'!$J:$X,$C6+1,COLUMNS($J:V))/INDEX(Input!$G$5:$AE$5,COLUMNS($J:V)),"")} -> 0 | W6: {=IFERROR(INDEX('Värde nyttor'!$J:$X,$C6+1,COLUMNS($J:W))/INDEX(Input!$G$5:$AE$5,COLUMNS($J:W)),"")} -> 0 | X6: {=IFERROR(INDEX('Värde nyttor'!$J:$X,$C6+1,COLUMNS($J:X))/INDEX(Input!$G$5:$AE$5,COLUMNS($J:X)),"")} -> 0 | Y6: =SUM(J6:X6) -> 0 | Z6: {=IFERROR(INDEX('Värde nyttor'!$J:$X,$C6+2,COLUMNS($J:J))/INDEX(Input!$G$5:$AE$5,COLUMNS($J:J)),"")} -> 0 | AA6: {=IFERROR(INDEX('Värde nyttor'!$J:$X,$C6+2,COLUMNS($J:K))/INDEX(Input!$G$5:$AE$5,COLUMNS($J:K)),"")} -> 0 | AB6: {=IFERROR(INDEX('Värde nyttor'!$J:$X,$C6+2,COLUMNS($J:L))/INDEX(Input!$G$5:$AE$5,COLUMNS($J:L)),"")} -> 0 | AC6: {=IFERROR(INDEX('Värde nyttor'!$J:$X,$C6+2,COLUMNS($J:M))/INDEX(Input!$G$5:$AE$5,COLUMNS($J:M)),"")} -> 0 | AD6: {=IFERROR(INDEX('Värde nyttor'!$J:$X,$C6+2,COLUMNS($J:N))/INDEX(Input!$G$5:$AE$5,COLUMNS($J:N)),"")} -> 0 | AE6: {=IFERROR(INDEX('Värde nyttor'!$J:$X,$C6+2,COLUMNS($J:O))/INDEX(Input!$G$5:$AE$5,COLUMNS($J:O)),"")} -> 0 | AF6: {=IFERROR(INDEX('Värde nyttor'!$J:$X,$C6+2,COLUMNS($J:P))/INDEX(Input!$G$5:$AE$5,COLUMNS($J:P)),"")} -> 0 | AG6: {=IFERROR(INDEX('Värde nyttor'!$J:$X,$C6+2,COLUMNS($J:Q))/INDEX(Input!$G$5:$AE$5,COLUMNS($J:Q)),"")} -> 0 | AH6: {=IFERROR(INDEX('Värde nyttor'!$J:$X,$C6+2,COLUMNS($J:R))/INDEX(Input!$G$5:$AE$5,COLUMNS($J:R)),"")} -> 0 | AI6: {=IFERROR(INDEX('Värde nyttor'!$J:$X,$C6+2,COLUMNS($J:S))/INDEX(Input!$G$5:$AE$5,COLUMNS($J:S)),"")} -> 0 | AJ6: {=IFERROR(INDEX('Värde nyttor'!$J:$X,$C6+2,COLUMNS($J:T))/INDEX(Input!$G$5:$AE$5,COLUMNS($J:T)),"")} -> 0 | AK6: {=IFERROR(INDEX('Värde nyttor'!$J:$X,$C6+2,COLUMNS($J:U))/INDEX(Input!$G$5:$AE$5,COLUMNS($J:U)),"")} -> 0 | AL6: {=IFERROR(INDEX('Värde nyttor'!$J:$X,$C6+2,COLUMNS($J:V))/INDEX(Input!$G$5:$AE$5,COLUMNS($J:V)),"")} -> 0 | AM6: {=IFERROR(INDEX('Värde nyttor'!$J:$X,$C6+2,COLUMNS($J:W))/INDEX(Input!$G$5:$AE$5,COLUMNS($J:W)),"")} -> 0 | AN6: {=IFERROR(INDEX('Värde nyttor'!$J:$X,$C6+2,COLUMNS($J:X))/INDEX(Input!$G$5:$AE$5,COLUMNS($J:X)),"")} -> 0 | AO6: =SUM(Z6:AN6) -> 0 | AP6: {=IFERROR(INDEX('Värde nyttor'!$J:$X,$C6+3,COLUMNS($J:J))/INDEX(Input!$G$5:$AE$5,COLUMNS($J:J)),"")} -> 0 | AQ6: {=IFERROR(INDEX('Värde nyttor'!$J:$X,$C6+3,COLUMNS($J:K))/INDEX(Input!$G$5:$AE$5,COLUMNS($J:K)),"")} -> 0 | AR6: {=IFERROR(INDEX('Värde nyttor'!$J:$X,$C6+3,COLUMNS($J:L))/INDEX(Input!$G$5:$AE$5,COLUMNS($J:L)),"")} -> 0 | AS6: {=IFERROR(INDEX('Värde nyttor'!$J:$X,$C6+3,COLUMNS($J:M))/INDEX(Input!$G$5:$AE$5,COLUMNS($J:M)),"")} -> 0 | AT6: {=IFERROR(INDEX('Värde nyttor'!$J:$X,$C6+3,COLUMNS($J:N))/INDEX(Input!$G$5:$AE$5,COLUMNS($J:N)),"")} -> 0 | AU6: {=IFERROR(INDEX('Värde nyttor'!$J:$X,$C6+3,COLUMNS($J:O))/INDEX(Input!$G$5:$AE$5,COLUMNS($J:O)),"")} -> 0 | AV6: {=IFERROR(INDEX('Värde nyttor'!$J:$X,$C6+3,COLUMNS($J:P))/INDEX(Input!$G$5:$AE$5,COLUMNS($J:P)),"")} -> 0 | AW6: {=IFERROR(INDEX('Värde nyttor'!$J:$X,$C6+3,COLUMNS($J:Q))/INDEX(Input!$G$5:$AE$5,COLUMNS($J:Q)),"")} -> 0 | AX6: {=IFERROR(INDEX('Värde nyttor'!$J:$X,$C6+3,COLUMNS($J:R))/INDEX(Input!$G$5:$AE$5,COLUMNS($J:R)),"")} -> 0 | AY6: {=IFERROR(INDEX('Värde nyttor'!$J:$X,$C6+3,COLUMNS($J:S))/INDEX(Input!$G$5:$AE$5,COLUMNS($J:S)),"")} -> 0 | AZ6: {=IFERROR(INDEX('Värde nyttor'!$J:$X,$C6+3,COLUMNS($J:T))/INDEX(Input!$G$5:$AE$5,COLUMNS($J:T)),"")} -> 0 | BA6: {=IFERROR(INDEX('Värde nyttor'!$J:$X,$C6+3,COLUMNS($J:U))/INDEX(Input!$G$5:$AE$5,COLUMNS($J:U)),"")} -> 0 | BB6: {=IFERROR(INDEX('Värde nyttor'!$J:$X,$C6+3,COLUMNS($J:V))/INDEX(Input!$G$5:$AE$5,COLUMNS($J:V)),"")} -> 0 | BC6: {=IFERROR(INDEX('Värde nyttor'!$J:$X,$C6+3,COLUMNS($J:W))/INDEX(Input!$G$5:$AE$5,COLUMNS($J:W)),"")} -> 0 | BD6: {=IFERROR(INDEX('Värde nyttor'!$J:$X,$C6+3,COLUMNS($J:X))/INDEX(Input!$G$5:$AE$5,COLUMNS($J:X)),"")} -> 0 | BE6: =SUM(AP6:BD6) -> 0
A7: ="N"&TEXT(ROWS($A$2:A7),"00") -> N06 | B7: =IFERROR(_xlfn.XMATCH($A7,'Värde nyttor'!$B:$B,0),"") -> 107 | C7: =IFERROR(_xlfn.XMATCH($A7,'Värde nyttor'!$I:$I,0),"") -> 118 | D7: {=IFERROR(INDEX('Värde nyttor'!$C:$C,$B7),"")} -> 0 | E7: {=IFERROR(INDEX('Värde nyttor'!$C:$C,$B7+1),"")} -> 0 | F7: {=IFERROR(INDEX('Värde nyttor'!$C:$C,$B7+2),"")} -> 0 | G7: =IF($D7=0,"","Värderad") | J7: {=IFERROR(INDEX('Värde nyttor'!$J:$X,$C7+1,COLUMNS($J:J))/INDEX(Input!$G$5:$AE$5,COLUMNS($J:J)),"")} -> 0 | K7: {=IFERROR(INDEX('Värde nyttor'!$J:$X,$C7+1,COLUMNS($J:K))/INDEX(Input!$G$5:$AE$5,COLUMNS($J:K)),"")} -> 0 | L7: {=IFERROR(INDEX('Värde nyttor'!$J:$X,$C7+1,COLUMNS($J:L))/INDEX(Input!$G$5:$AE$5,COLUMNS($J:L)),"")} -> 0 | M7: {=IFERROR(INDEX('Värde nyttor'!$J:$X,$C7+1,COLUMNS($J:M))/INDEX(Input!$G$5:$AE$5,COLUMNS($J:M)),"")} -> 0 | N7: {=IFERROR(INDEX('Värde nyttor'!$J:$X,$C7+1,COLUMNS($J:N))/INDEX(Input!$G$5:$AE$5,COLUMNS($J:N)),"")} -> 0 | O7: {=IFERROR(INDEX('Värde nyttor'!$J:$X,$C7+1,COLUMNS($J:O))/INDEX(Input!$G$5:$AE$5,COLUMNS($J:O)),"")} -> 0 | P7: {=IFERROR(INDEX('Värde nyttor'!$J:$X,$C7+1,COLUMNS($J:P))/INDEX(Input!$G$5:$AE$5,COLUMNS($J:P)),"")} -> 0 | Q7: {=IFERROR(INDEX('Värde nyttor'!$J:$X,$C7+1,COLUMNS($J:Q))/INDEX(Input!$G$5:$AE$5,COLUMNS($J:Q)),"")} -> 0 | R7: {=IFERROR(INDEX('Värde nyttor'!$J:$X,$C7+1,COLUMNS($J:R))/INDEX(Input!$G$5:$AE$5,COLUMNS($J:R)),"")} -> 0 | S7: {=IFERROR(INDEX('Värde nyttor'!$J:$X,$C7+1,COLUMNS($J:S))/INDEX(Input!$G$5:$AE$5,COLUMNS($J:S)),"")} -> 0 | T7: {=IFERROR(INDEX('Värde nyttor'!$J:$X,$C7+1,COLUMNS($J:T))/INDEX(Input!$G$5:$AE$5,COLUMNS($J:T)),"")} -> 0 | U7: {=IFERROR(INDEX('Värde nyttor'!$J:$X,$C7+1,COLUMNS($J:U))/INDEX(Input!$G$5:$AE$5,COLUMNS($J:U)),"")} -> 0 | V7: {=IFERROR(INDEX('Värde nyttor'!$J:$X,$C7+1,COLUMNS($J:V))/INDEX(Input!$G$5:$AE$5,COLUMNS($J:V)),"")} -> 0 | W7: {=IFERROR(INDEX('Värde nyttor'!$J:$X,$C7+1,COLUMNS($J:W))/INDEX(Input!$G$5:$AE$5,COLUMNS($J:W)),"")} -> 0 | X7: {=IFERROR(INDEX('Värde nyttor'!$J:$X,$C7+1,COLUMNS($J:X))/INDEX(Input!$G$5:$AE$5,COLUMNS($J:X)),"")} -> 0 | Y7: =SUM(J7:X7) -> 0 | Z7: {=IFERROR(INDEX('Värde nyttor'!$J:$X,$C7+2,COLUMNS($J:J))/INDEX(Input!$G$5:$AE$5,COLUMNS($J:J)),"")} -> 0 | AA7: {=IFERROR(INDEX('Värde nyttor'!$J:$X,$C7+2,COLUMNS($J:K))/INDEX(Input!$G$5:$AE$5,COLUMNS($J:K)),"")} -> 0 | AB7: {=IFERROR(INDEX('Värde nyttor'!$J:$X,$C7+2,COLUMNS($J:L))/INDEX(Input!$G$5:$AE$5,COLUMNS($J:L)),"")} -> 0 | AC7: {=IFERROR(INDEX('Värde nyttor'!$J:$X,$C7+2,COLUMNS($J:M))/INDEX(Input!$G$5:$AE$5,COLUMNS($J:M)),"")} -> 0 | AD7: {=IFERROR(INDEX('Värde nyttor'!$J:$X,$C7+2,COLUMNS($J:N))/INDEX(Input!$G$5:$AE$5,COLUMNS($J:N)),"")} -> 0 | AE7: {=IFERROR(INDEX('Värde nyttor'!$J:$X,$C7+2,COLUMNS($J:O))/INDEX(Input!$G$5:$AE$5,COLUMNS($J:O)),"")} -> 0 | AF7: {=IFERROR(INDEX('Värde nyttor'!$J:$X,$C7+2,COLUMNS($J:P))/INDEX(Input!$G$5:$AE$5,COLUMNS($J:P)),"")} -> 0 | AG7: {=IFERROR(INDEX('Värde nyttor'!$J:$X,$C7+2,COLUMNS($J:Q))/INDEX(Input!$G$5:$AE$5,COLUMNS($J:Q)),"")} -> 0 | AH7: {=IFERROR(INDEX('Värde nyttor'!$J:$X,$C7+2,COLUMNS($J:R))/INDEX(Input!$G$5:$AE$5,COLUMNS($J:R)),"")} -> 0 | AI7: {=IFERROR(INDEX('Värde nyttor'!$J:$X,$C7+2,COLUMNS($J:S))/INDEX(Input!$G$5:$AE$5,COLUMNS($J:S)),"")} -> 0 | AJ7: {=IFERROR(INDEX('Värde nyttor'!$J:$X,$C7+2,COLUMNS($J:T))/INDEX(Input!$G$5:$AE$5,COLUMNS($J:T)),"")} -> 0 | AK7: {=IFERROR(INDEX('Värde nyttor'!$J:$X,$C7+2,COLUMNS($J:U))/INDEX(Input!$G$5:$AE$5,COLUMNS($J:U)),"")} -> 0 | AL7: {=IFERROR(INDEX('Värde nyttor'!$J:$X,$C7+2,COLUMNS($J:V))/INDEX(Input!$G$5:$AE$5,COLUMNS($J:V)),"")} -> 0 | AM7: {=IFERROR(INDEX('Värde nyttor'!$J:$X,$C7+2,COLUMNS($J:W))/INDEX(Input!$G$5:$AE$5,COLUMNS($J:W)),"")} -> 0 | AN7: {=IFERROR(INDEX('Värde nyttor'!$J:$X,$C7+2,COLUMNS($J:X))/INDEX(Input!$G$5:$AE$5,COLUMNS($J:X)),"")} -> 0 | AO7: =SUM(Z7:AN7) -> 0 | AP7: {=IFERROR(INDEX('Värde nyttor'!$J:$X,$C7+3,COLUMNS($J:J))/INDEX(Input!$G$5:$AE$5,COLUMNS($J:J)),"")} -> 0 | AQ7: {=IFERROR(INDEX('Värde nyttor'!$J:$X,$C7+3,COLUMNS($J:K))/INDEX(Input!$G$5:$AE$5,COLUMNS($J:K)),"")} -> 0 | AR7: {=IFERROR(INDEX('Värde nyttor'!$J:$X,$C7+3,COLUMNS($J:L))/INDEX(Input!$G$5:$AE$5,COLUMNS($J:L)),"")} -> 0 | AS7: {=IFERROR(INDEX('Värde nyttor'!$J:$X,$C7+3,COLUMNS($J:M))/INDEX(Input!$G$5:$AE$5,COLUMNS($J:M)),"")} -> 0 | AT7: {=IFERROR(INDEX('Värde nyttor'!$J:$X,$C7+3,COLUMNS($J:N))/INDEX(Input!$G$5:$AE$5,COLUMNS($J:N)),"")} -> 0 | AU7: {=IFERROR(INDEX('Värde nyttor'!$J:$X,$C7+3,COLUMNS($J:O))/INDEX(Input!$G$5:$AE$5,COLUMNS($J:O)),"")} -> 0 | AV7: {=IFERROR(INDEX('Värde nyttor'!$J:$X,$C7+3,COLUMNS($J:P))/INDEX(Input!$G$5:$AE$5,COLUMNS($J:P)),"")} -> 0 | AW7: {=IFERROR(INDEX('Värde nyttor'!$J:$X,$C7+3,COLUMNS($J:Q))/INDEX(Input!$G$5:$AE$5,COLUMNS($J:Q)),"")} -> 0 | AX7: {=IFERROR(INDEX('Värde nyttor'!$J:$X,$C7+3,COLUMNS($J:R))/INDEX(Input!$G$5:$AE$5,COLUMNS($J:R)),"")} -> 0 | AY7: {=IFERROR(INDEX('Värde nyttor'!$J:$X,$C7+3,COLUMNS($J:S))/INDEX(Input!$G$5:$AE$5,COLUMNS($J:S)),"")} -> 0 | AZ7: {=IFERROR(INDEX('Värde nyttor'!$J:$X,$C7+3,COLUMNS($J:T))/INDEX(Input!$G$5:$AE$5,COLUMNS($J:T)),"")} -> 0 | BA7: {=IFERROR(INDEX('Värde nyttor'!$J:$X,$C7+3,COLUMNS($J:U))/INDEX(Input!$G$5:$AE$5,COLUMNS($J:U)),"")} -> 0 | BB7: {=IFERROR(INDEX('Värde nyttor'!$J:$X,$C7+3,COLUMNS($J:V))/INDEX(Input!$G$5:$AE$5,COLUMNS($J:V)),"")} -> 0 | BC7: {=IFERROR(INDEX('Värde nyttor'!$J:$X,$C7+3,COLUMNS($J:W))/INDEX(Input!$G$5:$AE$5,COLUMNS($J:W)),"")} -> 0 | BD7: {=IFERROR(INDEX('Värde nyttor'!$J:$X,$C7+3,COLUMNS($J:X))/INDEX(Input!$G$5:$AE$5,COLUMNS($J:X)),"")} -> 0 | BE7: =SUM(AP7:BD7) -> 0
A8: ="N"&TEXT(ROWS($A$2:A8),"00") -> N07 | B8: =IFERROR(_xlfn.XMATCH($A8,'Värde nyttor'!$B:$B,0),"") -> 126 | C8: =IFERROR(_xlfn.XMATCH($A8,'Värde nyttor'!$I:$I,0),"") -> 137 | D8: {=IFERROR(INDEX('Värde nyttor'!$C:$C,$B8),"")} -> 0 | E8: {=IFERROR(INDEX('Värde nyttor'!$C:$C,$B8+1),"")} -> 0 | F8: {=IFERROR(INDEX('Värde nyttor'!$C:$C,$B8+2),"")} -> 0 | G8: =IF($D8=0,"","Värderad") | J8: {=IFERROR(INDEX('Värde nyttor'!$J:$X,$C8+1,COLUMNS($J:J))/INDEX(Input!$G$5:$AE$5,COLUMNS($J:J)),"")} -> 0 | K8: {=IFERROR(INDEX('Värde nyttor'!$J:$X,$C8+1,COLUMNS($J:K))/INDEX(Input!$G$5:$AE$5,COLUMNS($J:K)),"")} -> 0 | L8: {=IFERROR(INDEX('Värde nyttor'!$J:$X,$C8+1,COLUMNS($J:L))/INDEX(Input!$G$5:$AE$5,COLUMNS($J:L)),"")} -> 0 | M8: {=IFERROR(INDEX('Värde nyttor'!$J:$X,$C8+1,COLUMNS($J:M))/INDEX(Input!$G$5:$AE$5,COLUMNS($J:M)),"")} -> 0 | N8: {=IFERROR(INDEX('Värde nyttor'!$J:$X,$C8+1,COLUMNS($J:N))/INDEX(Input!$G$5:$AE$5,COLUMNS($J:N)),"")} -> 0 | O8: {=IFERROR(INDEX('Värde nyttor'!$J:$X,$C8+1,COLUMNS($J:O))/INDEX(Input!$G$5:$AE$5,COLUMNS($J:O)),"")} -> 0 | P8: {=IFERROR(INDEX('Värde nyttor'!$J:$X,$C8+1,COLUMNS($J:P))/INDEX(Input!$G$5:$AE$5,COLUMNS($J:P)),"")} -> 0 | Q8: {=IFERROR(INDEX('Värde nyttor'!$J:$X,$C8+1,COLUMNS($J:Q))/INDEX(Input!$G$5:$AE$5,COLUMNS($J:Q)),"")} -> 0 | R8: {=IFERROR(INDEX('Värde nyttor'!$J:$X,$C8+1,COLUMNS($J:R))/INDEX(Input!$G$5:$AE$5,COLUMNS($J:R)),"")} -> 0 | S8: {=IFERROR(INDEX('Värde nyttor'!$J:$X,$C8+1,COLUMNS($J:S))/INDEX(Input!$G$5:$AE$5,COLUMNS($J:S)),"")} -> 0 | T8: {=IFERROR(INDEX('Värde nyttor'!$J:$X,$C8+1,COLUMNS($J:T))/INDEX(Input!$G$5:$AE$5,COLUMNS($J:T)),"")} -> 0 | U8: {=IFERROR(INDEX('Värde nyttor'!$J:$X,$C8+1,COLUMNS($J:U))/INDEX(Input!$G$5:$AE$5,COLUMNS($J:U)),"")} -> 0 | V8: {=IFERROR(INDEX('Värde nyttor'!$J:$X,$C8+1,COLUMNS($J:V))/INDEX(Input!$G$5:$AE$5,COLUMNS($J:V)),"")} -> 0 | W8: {=IFERROR(INDEX('Värde nyttor'!$J:$X,$C8+1,COLUMNS($J:W))/INDEX(Input!$G$5:$AE$5,COLUMNS($J:W)),"")} -> 0 | X8: {=IFERROR(INDEX('Värde nyttor'!$J:$X,$C8+1,COLUMNS($J:X))/INDEX(Input!$G$5:$AE$5,COLUMNS($J:X)),"")} -> 0 | Y8: =SUM(J8:X8) -> 0 | Z8: {=IFERROR(INDEX('Värde nyttor'!$J:$X,$C8+2,COLUMNS($J:J))/INDEX(Input!$G$5:$AE$5,COLUMNS($J:J)),"")} -> 0 | AA8: {=IFERROR(INDEX('Värde nyttor'!$J:$X,$C8+2,COLUMNS($J:K))/INDEX(Input!$G$5:$AE$5,COLUMNS($J:K)),"")} -> 0 | AB8: {=IFERROR(INDEX('Värde nyttor'!$J:$X,$C8+2,COLUMNS($J:L))/INDEX(Input!$G$5:$AE$5,COLUMNS($J:L)),"")} -> 0 | AC8: {=IFERROR(INDEX('Värde nyttor'!$J:$X,$C8+2,COLUMNS($J:M))/INDEX(Input!$G$5:$AE$5,COLUMNS($J:M)),"")} -> 0 | AD8: {=IFERROR(INDEX('Värde nyttor'!$J:$X,$C8+2,COLUMNS($J:N))/INDEX(Input!$G$5:$AE$5,COLUMNS($J:N)),"")} -> 0 | AE8: {=IFERROR(INDEX('Värde nyttor'!$J:$X,$C8+2,COLUMNS($J:O))/INDEX(Input!$G$5:$AE$5,COLUMNS($J:O)),"")} -> 0 | AF8: {=IFERROR(INDEX('Värde nyttor'!$J:$X,$C8+2,COLUMNS($J:P))/INDEX(Input!$G$5:$AE$5,COLUMNS($J:P)),"")} -> 0 | AG8: {=IFERROR(INDEX('Värde nyttor'!$J:$X,$C8+2,COLUMNS($J:Q))/INDEX(Input!$G$5:$AE$5,COLUMNS($J:Q)),"")} -> 0 | AH8: {=IFERROR(INDEX('Värde nyttor'!$J:$X,$C8+2,COLUMNS($J:R))/INDEX(Input!$G$5:$AE$5,COLUMNS($J:R)),"")} -> 0 | AI8: {=IFERROR(INDEX('Värde nyttor'!$J:$X,$C8+2,COLUMNS($J:S))/INDEX(Input!$G$5:$AE$5,COLUMNS($J:S)),"")} -> 0 | AJ8: {=IFERROR(INDEX('Värde nyttor'!$J:$X,$C8+2,COLUMNS($J:T))/INDEX(Input!$G$5:$AE$5,COLUMNS($J:T)),"")} -> 0 | AK8: {=IFERROR(INDEX('Värde nyttor'!$J:$X,$C8+2,COLUMNS($J:U))/INDEX(Input!$G$5:$AE$5,COLUMNS($J:U)),"")} -> 0 | AL8: {=IFERROR(INDEX('Värde nyttor'!$J:$X,$C8+2,COLUMNS($J:V))/INDEX(Input!$G$5:$AE$5,COLUMNS($J:V)),"")} -> 0 | AM8: {=IFERROR(INDEX('Värde nyttor'!$J:$X,$C8+2,COLUMNS($J:W))/INDEX(Input!$G$5:$AE$5,COLUMNS($J:W)),"")} -> 0 | AN8: {=IFERROR(INDEX('Värde nyttor'!$J:$X,$C8+2,COLUMNS($J:X))/INDEX(Input!$G$5:$AE$5,COLUMNS($J:X)),"")} -> 0 | AO8: =SUM(Z8:AN8) -> 0 | AP8: {=IFERROR(INDEX('Värde nyttor'!$J:$X,$C8+3,COLUMNS($J:J))/INDEX(Input!$G$5:$AE$5,COLUMNS($J:J)),"")} -> 0 | AQ8: {=IFERROR(INDEX('Värde nyttor'!$J:$X,$C8+3,COLUMNS($J:K))/INDEX(Input!$G$5:$AE$5,COLUMNS($J:K)),"")} -> 0 | AR8: {=IFERROR(INDEX('Värde nyttor'!$J:$X,$C8+3,COLUMNS($J:L))/INDEX(Input!$G$5:$AE$5,COLUMNS($J:L)),"")} -> 0 | AS8: {=IFERROR(INDEX('Värde nyttor'!$J:$X,$C8+3,COLUMNS($J:M))/INDEX(Input!$G$5:$AE$5,COLUMNS($J:M)),"")} -> 0 | AT8: {=IFERROR(INDEX('Värde nyttor'!$J:$X,$C8+3,COLUMNS($J:N))/INDEX(Input!$G$5:$AE$5,COLUMNS($J:N)),"")} -> 0 | AU8: {=IFERROR(INDEX('Värde nyttor'!$J:$X,$C8+3,COLUMNS($J:O))/INDEX(Input!$G$5:$AE$5,COLUMNS($J:O)),"")} -> 0 | AV8: {=IFERROR(INDEX('Värde nyttor'!$J:$X,$C8+3,COLUMNS($J:P))/INDEX(Input!$G$5:$AE$5,COLUMNS($J:P)),"")} -> 0 | AW8: {=IFERROR(INDEX('Värde nyttor'!$J:$X,$C8+3,COLUMNS($J:Q))/INDEX(Input!$G$5:$AE$5,COLUMNS($J:Q)),"")} -> 0 | AX8: {=IFERROR(INDEX('Värde nyttor'!$J:$X,$C8+3,COLUMNS($J:R))/INDEX(Input!$G$5:$AE$5,COLUMNS($J:R)),"")} -> 0 | AY8: {=IFERROR(INDEX('Värde nyttor'!$J:$X,$C8+3,COLUMNS($J:S))/INDEX(Input!$G$5:$AE$5,COLUMNS($J:S)),"")} -> 0 | AZ8: {=IFERROR(INDEX('Värde nyttor'!$J:$X,$C8+3,COLUMNS($J:T))/INDEX(Input!$G$5:$AE$5,COLUMNS($J:T)),"")} -> 0 | BA8: {=IFERROR(INDEX('Värde nyttor'!$J:$X,$C8+3,COLUMNS($J:U))/INDEX(Input!$G$5:$AE$5,COLUMNS($J:U)),"")} -> 0 | BB8: {=IFERROR(INDEX('Värde nyttor'!$J:$X,$C8+3,COLUMNS($J:V))/INDEX(Input!$G$5:$AE$5,COLUMNS($J:V)),"")} -> 0 | BC8: {=IFERROR(INDEX('Värde nyttor'!$J:$X,$C8+3,COLUMNS($J:W))/INDEX(Input!$G$5:$AE$5,COLUMNS($J:W)),"")} -> 0 | BD8: {=IFERROR(INDEX('Värde nyttor'!$J:$X,$C8+3,COLUMNS($J:X))/INDEX(Input!$G$5:$AE$5,COLUMNS($J:X)),"")} -> 0 | BE8: =SUM(AP8:BD8) -> 0
A9: ="N"&TEXT(ROWS($A$2:A9),"00") -> N08 | B9: =IFERROR(_xlfn.XMATCH($A9,'Värde nyttor'!$B:$B,0),"") -> 145 | C9: =IFERROR(_xlfn.XMATCH($A9,'Värde nyttor'!$I:$I,0),"") -> 156 | D9: {=IFERROR(INDEX('Värde nyttor'!$C:$C,$B9),"")} -> 0 | E9: {=IFERROR(INDEX('Värde nyttor'!$C:$C,$B9+1),"")} -> 0 | F9: {=IFERROR(INDEX('Värde nyttor'!$C:$C,$B9+2),"")} -> 0 | G9: =IF($D9=0,"","Värderad") | J9: {=IFERROR(INDEX('Värde nyttor'!$J:$X,$C9+1,COLUMNS($J:J))/INDEX(Input!$G$5:$AE$5,COLUMNS($J:J)),"")} -> 0 | K9: {=IFERROR(INDEX('Värde nyttor'!$J:$X,$C9+1,COLUMNS($J:K))/INDEX(Input!$G$5:$AE$5,COLUMNS($J:K)),"")} -> 0 | L9: {=IFERROR(INDEX('Värde nyttor'!$J:$X,$C9+1,COLUMNS($J:L))/INDEX(Input!$G$5:$AE$5,COLUMNS($J:L)),"")} -> 0 | M9: {=IFERROR(INDEX('Värde nyttor'!$J:$X,$C9+1,COLUMNS($J:M))/INDEX(Input!$G$5:$AE$5,COLUMNS($J:M)),"")} -> 0 | N9: {=IFERROR(INDEX('Värde nyttor'!$J:$X,$C9+1,COLUMNS($J:N))/INDEX(Input!$G$5:$AE$5,COLUMNS($J:N)),"")} -> 0 | O9: {=IFERROR(INDEX('Värde nyttor'!$J:$X,$C9+1,COLUMNS($J:O))/INDEX(Input!$G$5:$AE$5,COLUMNS($J:O)),"")} -> 0 | P9: {=IFERROR(INDEX('Värde nyttor'!$J:$X,$C9+1,COLUMNS($J:P))/INDEX(Input!$G$5:$AE$5,COLUMNS($J:P)),"")} -> 0 | Q9: {=IFERROR(INDEX('Värde nyttor'!$J:$X,$C9+1,COLUMNS($J:Q))/INDEX(Input!$G$5:$AE$5,COLUMNS($J:Q)),"")} -> 0 | R9: {=IFERROR(INDEX('Värde nyttor'!$J:$X,$C9+1,COLUMNS($J:R))/INDEX(Input!$G$5:$AE$5,COLUMNS($J:R)),"")} -> 0 | S9: {=IFERROR(INDEX('Värde nyttor'!$J:$X,$C9+1,COLUMNS($J:S))/INDEX(Input!$G$5:$AE$5,COLUMNS($J:S)),"")} -> 0 | T9: {=IFERROR(INDEX('Värde nyttor'!$J:$X,$C9+1,COLUMNS($J:T))/INDEX(Input!$G$5:$AE$5,COLUMNS($J:T)),"")} -> 0 | U9: {=IFERROR(INDEX('Värde nyttor'!$J:$X,$C9+1,COLUMNS($J:U))/INDEX(Input!$G$5:$AE$5,COLUMNS($J:U)),"")} -> 0 | V9: {=IFERROR(INDEX('Värde nyttor'!$J:$X,$C9+1,COLUMNS($J:V))/INDEX(Input!$G$5:$AE$5,COLUMNS($J:V)),"")} -> 0 | W9: {=IFERROR(INDEX('Värde nyttor'!$J:$X,$C9+1,COLUMNS($J:W))/INDEX(Input!$G$5:$AE$5,COLUMNS($J:W)),"")} -> 0 | X9: {=IFERROR(INDEX('Värde nyttor'!$J:$X,$C9+1,COLUMNS($J:X))/INDEX(Input!$G$5:$AE$5,COLUMNS($J:X)),"")} -> 0 | Y9: =SUM(J9:X9) -> 0 | Z9: {=IFERROR(INDEX('Värde nyttor'!$J:$X,$C9+2,COLUMNS($J:J))/INDEX(Input!$G$5:$AE$5,COLUMNS($J:J)),"")} -> 0 | AA9: {=IFERROR(INDEX('Värde nyttor'!$J:$X,$C9+2,COLUMNS($J:K))/INDEX(Input!$G$5:$AE$5,COLUMNS($J:K)),"")} -> 0 | AB9: {=IFERROR(INDEX('Värde nyttor'!$J:$X,$C9+2,COLUMNS($J:L))/INDEX(Input!$G$5:$AE$5,COLUMNS($J:L)),"")} -> 0 | AC9: {=IFERROR(INDEX('Värde nyttor'!$J:$X,$C9+2,COLUMNS($J:M))/INDEX(Input!$G$5:$AE$5,COLUMNS($J:M)),"")} -> 0 | AD9: {=IFERROR(INDEX('Värde nyttor'!$J:$X,$C9+2,COLUMNS($J:N))/INDEX(Input!$G$5:$AE$5,COLUMNS($J:N)),"")} -> 0 | AE9: {=IFERROR(INDEX('Värde nyttor'!$J:$X,$C9+2,COLUMNS($J:O))/INDEX(Input!$G$5:$AE$5,COLUMNS($J:O)),"")} -> 0 | AF9: {=IFERROR(INDEX('Värde nyttor'!$J:$X,$C9+2,COLUMNS($J:P))/INDEX(Input!$G$5:$AE$5,COLUMNS($J:P)),"")} -> 0 | AG9: {=IFERROR(INDEX('Värde nyttor'!$J:$X,$C9+2,COLUMNS($J:Q))/INDEX(Input!$G$5:$AE$5,COLUMNS($J:Q)),"")} -> 0 | AH9: {=IFERROR(INDEX('Värde nyttor'!$J:$X,$C9+2,COLUMNS($J:R))/INDEX(Input!$G$5:$AE$5,COLUMNS($J:R)),"")} -> 0 | AI9: {=IFERROR(INDEX('Värde nyttor'!$J:$X,$C9+2,COLUMNS($J:S))/INDEX(Input!$G$5:$AE$5,COLUMNS($J:S)),"")} -> 0 | AJ9: {=IFERROR(INDEX('Värde nyttor'!$J:$X,$C9+2,COLUMNS($J:T))/INDEX(Input!$G$5:$AE$5,COLUMNS($J:T)),"")} -> 0 | AK9: {=IFERROR(INDEX('Värde nyttor'!$J:$X,$C9+2,COLUMNS($J:U))/INDEX(Input!$G$5:$AE$5,COLUMNS($J:U)),"")} -> 0 | AL9: {=IFERROR(INDEX('Värde nyttor'!$J:$X,$C9+2,COLUMNS($J:V))/INDEX(Input!$G$5:$AE$5,COLUMNS($J:V)),"")} -> 0 | AM9: {=IFERROR(INDEX('Värde nyttor'!$J:$X,$C9+2,COLUMNS($J:W))/INDEX(Input!$G$5:$AE$5,COLUMNS($J:W)),"")} -> 0 | AN9: {=IFERROR(INDEX('Värde nyttor'!$J:$X,$C9+2,COLUMNS($J:X))/INDEX(Input!$G$5:$AE$5,COLUMNS($J:X)),"")} -> 0 | AO9: =SUM(Z9:AN9) -> 0 | AP9: {=IFERROR(INDEX('Värde nyttor'!$J:$X,$C9+3,COLUMNS($J:J))/INDEX(Input!$G$5:$AE$5,COLUMNS($J:J)),"")} -> 0 | AQ9: {=IFERROR(INDEX('Värde nyttor'!$J:$X,$C9+3,COLUMNS($J:K))/INDEX(Input!$G$5:$AE$5,COLUMNS($J:K)),"")} -> 0 | AR9: {=IFERROR(INDEX('Värde nyttor'!$J:$X,$C9+3,COLUMNS($J:L))/INDEX(Input!$G$5:$AE$5,COLUMNS($J:L)),"")} -> 0 | AS9: {=IFERROR(INDEX('Värde nyttor'!$J:$X,$C9+3,COLUMNS($J:M))/INDEX(Input!$G$5:$AE$5,COLUMNS($J:M)),"")} -> 0 | AT9: {=IFERROR(INDEX('Värde nyttor'!$J:$X,$C9+3,COLUMNS($J:N))/INDEX(Input!$G$5:$AE$5,COLUMNS($J:N)),"")} -> 0 | AU9: {=IFERROR(INDEX('Värde nyttor'!$J:$X,$C9+3,COLUMNS($J:O))/INDEX(Input!$G$5:$AE$5,COLUMNS($J:O)),"")} -> 0 | AV9: {=IFERROR(INDEX('Värde nyttor'!$J:$X,$C9+3,COLUMNS($J:P))/INDEX(Input!$G$5:$AE$5,COLUMNS($J:P)),"")} -> 0 | AW9: {=IFERROR(INDEX('Värde nyttor'!$J:$X,$C9+3,COLUMNS($J:Q))/INDEX(Input!$G$5:$AE$5,COLUMNS($J:Q)),"")} -> 0 | AX9: {=IFERROR(INDEX('Värde nyttor'!$J:$X,$C9+3,COLUMNS($J:R))/INDEX(Input!$G$5:$AE$5,COLUMNS($J:R)),"")} -> 0 | AY9: {=IFERROR(INDEX('Värde nyttor'!$J:$X,$C9+3,COLUMNS($J:S))/INDEX(Input!$G$5:$AE$5,COLUMNS($J:S)),"")} -> 0 | AZ9: {=IFERROR(INDEX('Värde nyttor'!$J:$X,$C9+3,COLUMNS($J:T))/INDEX(Input!$G$5:$AE$5,COLUMNS($J:T)),"")} -> 0 | BA9: {=IFERROR(INDEX('Värde nyttor'!$J:$X,$C9+3,COLUMNS($J:U))/INDEX(Input!$G$5:$AE$5,COLUMNS($J:U)),"")} -> 0 | BB9: {=IFERROR(INDEX('Värde nyttor'!$J:$X,$C9+3,COLUMNS($J:V))/INDEX(Input!$G$5:$AE$5,COLUMNS($J:V)),"")} -> 0 | BC9: {=IFERROR(INDEX('Värde nyttor'!$J:$X,$C9+3,COLUMNS($J:W))/INDEX(Input!$G$5:$AE$5,COLUMNS($J:W)),"")} -> 0 | BD9: {=IFERROR(INDEX('Värde nyttor'!$J:$X,$C9+3,COLUMNS($J:X))/INDEX(Input!$G$5:$AE$5,COLUMNS($J:X)),"")} -> 0 | BE9: =SUM(AP9:BD9) -> 0
A10: ="N"&TEXT(ROWS($A$2:A10),"00") -> N09 | B10: =IFERROR(_xlfn.XMATCH($A10,'Värde nyttor'!$B:$B,0),"") -> 164 | C10: =IFERROR(_xlfn.XMATCH($A10,'Värde nyttor'!$I:$I,0),"") -> 175 | D10: {=IFERROR(INDEX('Värde nyttor'!$C:$C,$B10),"")} -> 0 | E10: {=IFERROR(INDEX('Värde nyttor'!$C:$C,$B10+1),"")} -> 0 | F10: {=IFERROR(INDEX('Värde nyttor'!$C:$C,$B10+2),"")} -> 0 | G10: =IF($D10=0,"","Värderad") | J10: {=IFERROR(INDEX('Värde nyttor'!$J:$X,$C10+1,COLUMNS($J:J))/INDEX(Input!$G$5:$AE$5,COLUMNS($J:J)),"")} -> 0 | K10: {=IFERROR(INDEX('Värde nyttor'!$J:$X,$C10+1,COLUMNS($J:K))/INDEX(Input!$G$5:$AE$5,COLUMNS($J:K)),"")} -> 0 | L10: {=IFERROR(INDEX('Värde nyttor'!$J:$X,$C10+1,COLUMNS($J:L))/INDEX(Input!$G$5:$AE$5,COLUMNS($J:L)),"")} -> 0 | M10: {=IFERROR(INDEX('Värde nyttor'!$J:$X,$C10+1,COLUMNS($J:M))/INDEX(Input!$G$5:$AE$5,COLUMNS($J:M)),"")} -> 0 | N10: {=IFERROR(INDEX('Värde nyttor'!$J:$X,$C10+1,COLUMNS($J:N))/INDEX(Input!$G$5:$AE$5,COLUMNS($J:N)),"")} -> 0 | O10: {=IFERROR(INDEX('Värde nyttor'!$J:$X,$C10+1,COLUMNS($J:O))/INDEX(Input!$G$5:$AE$5,COLUMNS($J:O)),"")} -> 0 | P10: {=IFERROR(INDEX('Värde nyttor'!$J:$X,$C10+1,COLUMNS($J:P))/INDEX(Input!$G$5:$AE$5,COLUMNS($J:P)),"")} -> 0 | Q10: {=IFERROR(INDEX('Värde nyttor'!$J:$X,$C10+1,COLUMNS($J:Q))/INDEX(Input!$G$5:$AE$5,COLUMNS($J:Q)),"")} -> 0 | R10: {=IFERROR(INDEX('Värde nyttor'!$J:$X,$C10+1,COLUMNS($J:R))/INDEX(Input!$G$5:$AE$5,COLUMNS($J:R)),"")} -> 0 | S10: {=IFERROR(INDEX('Värde nyttor'!$J:$X,$C10+1,COLUMNS($J:S))/INDEX(Input!$G$5:$AE$5,COLUMNS($J:S)),"")} -> 0 | T10: {=IFERROR(INDEX('Värde nyttor'!$J:$X,$C10+1,COLUMNS($J:T))/INDEX(Input!$G$5:$AE$5,COLUMNS($J:T)),"")} -> 0 | U10: {=IFERROR(INDEX('Värde nyttor'!$J:$X,$C10+1,COLUMNS($J:U))/INDEX(Input!$G$5:$AE$5,COLUMNS($J:U)),"")} -> 0 | V10: {=IFERROR(INDEX('Värde nyttor'!$J:$X,$C10+1,COLUMNS($J:V))/INDEX(Input!$G$5:$AE$5,COLUMNS($J:V)),"")} -> 0 | W10: {=IFERROR(INDEX('Värde nyttor'!$J:$X,$C10+1,COLUMNS($J:W))/INDEX(Input!$G$5:$AE$5,COLUMNS($J:W)),"")} -> 0 | X10: {=IFERROR(INDEX('Värde nyttor'!$J:$X,$C10+1,COLUMNS($J:X))/INDEX(Input!$G$5:$AE$5,COLUMNS($J:X)),"")} -> 0 | Y10: =SUM(J10:X10) -> 0 | Z10: {=IFERROR(INDEX('Värde nyttor'!$J:$X,$C10+2,COLUMNS($J:J))/INDEX(Input!$G$5:$AE$5,COLUMNS($J:J)),"")} -> 0 | AA10: {=IFERROR(INDEX('Värde nyttor'!$J:$X,$C10+2,COLUMNS($J:K))/INDEX(Input!$G$5:$AE$5,COLUMNS($J:K)),"")} -> 0 | AB10: {=IFERROR(INDEX('Värde nyttor'!$J:$X,$C10+2,COLUMNS($J:L))/INDEX(Input!$G$5:$AE$5,COLUMNS($J:L)),"")} -> 0 | AC10: {=IFERROR(INDEX('Värde nyttor'!$J:$X,$C10+2,COLUMNS($J:M))/INDEX(Input!$G$5:$AE$5,COLUMNS($J:M)),"")} -> 0 | AD10: {=IFERROR(INDEX('Värde nyttor'!$J:$X,$C10+2,COLUMNS($J:N))/INDEX(Input!$G$5:$AE$5,COLUMNS($J:N)),"")} -> 0 | AE10: {=IFERROR(INDEX('Värde nyttor'!$J:$X,$C10+2,COLUMNS($J:O))/INDEX(Input!$G$5:$AE$5,COLUMNS($J:O)),"")} -> 0 | AF10: {=IFERROR(INDEX('Värde nyttor'!$J:$X,$C10+2,COLUMNS($J:P))/INDEX(Input!$G$5:$AE$5,COLUMNS($J:P)),"")} -> 0 | AG10: {=IFERROR(INDEX('Värde nyttor'!$J:$X,$C10+2,COLUMNS($J:Q))/INDEX(Input!$G$5:$AE$5,COLUMNS($J:Q)),"")} -> 0 | AH10: {=IFERROR(INDEX('Värde nyttor'!$J:$X,$C10+2,COLUMNS($J:R))/INDEX(Input!$G$5:$AE$5,COLUMNS($J:R)),"")} -> 0 | AI10: {=IFERROR(INDEX('Värde nyttor'!$J:$X,$C10+2,COLUMNS($J:S))/INDEX(Input!$G$5:$AE$5,COLUMNS($J:S)),"")} -> 0 | AJ10: {=IFERROR(INDEX('Värde nyttor'!$J:$X,$C10+2,COLUMNS($J:T))/INDEX(Input!$G$5:$AE$5,COLUMNS($J:T)),"")} -> 0 | AK10: {=IFERROR(INDEX('Värde nyttor'!$J:$X,$C10+2,COLUMNS($J:U))/INDEX(Input!$G$5:$AE$5,COLUMNS($J:U)),"")} -> 0 | AL10: {=IFERROR(INDEX('Värde nyttor'!$J:$X,$C10+2,COLUMNS($J:V))/INDEX(Input!$G$5:$AE$5,COLUMNS($J:V)),"")} -> 0 | AM10: {=IFERROR(INDEX('Värde nyttor'!$J:$X,$C10+2,COLUMNS($J:W))/INDEX(Input!$G$5:$AE$5,COLUMNS($J:W)),"")} -> 0 | AN10: {=IFERROR(INDEX('Värde nyttor'!$J:$X,$C10+2,COLUMNS($J:X))/INDEX(Input!$G$5:$AE$5,COLUMNS($J:X)),"")} -> 0 | AO10: =SUM(Z10:AN10) -> 0 | AP10: {=IFERROR(INDEX('Värde nyttor'!$J:$X,$C10+3,COLUMNS($J:J))/INDEX(Input!$G$5:$AE$5,COLUMNS($J:J)),"")} -> 0 | AQ10: {=IFERROR(INDEX('Värde nyttor'!$J:$X,$C10+3,COLUMNS($J:K))/INDEX(Input!$G$5:$AE$5,COLUMNS($J:K)),"")} -> 0 | AR10: {=IFERROR(INDEX('Värde nyttor'!$J:$X,$C10+3,COLUMNS($J:L))/INDEX(Input!$G$5:$AE$5,COLUMNS($J:L)),"")} -> 0 | AS10: {=IFERROR(INDEX('Värde nyttor'!$J:$X,$C10+3,COLUMNS($J:M))/INDEX(Input!$G$5:$AE$5,COLUMNS($J:M)),"")} -> 0 | AT10: {=IFERROR(INDEX('Värde nyttor'!$J:$X,$C10+3,COLUMNS($J:N))/INDEX(Input!$G$5:$AE$5,COLUMNS($J:N)),"")} -> 0 | AU10: {=IFERROR(INDEX('Värde nyttor'!$J:$X,$C10+3,COLUMNS($J:O))/INDEX(Input!$G$5:$AE$5,COLUMNS($J:O)),"")} -> 0 | AV10: {=IFERROR(INDEX('Värde nyttor'!$J:$X,$C10+3,COLUMNS($J:P))/INDEX(Input!$G$5:$AE$5,COLUMNS($J:P)),"")} -> 0 | AW10: {=IFERROR(INDEX('Värde nyttor'!$J:$X,$C10+3,COLUMNS($J:Q))/INDEX(Input!$G$5:$AE$5,COLUMNS($J:Q)),"")} -> 0 | AX10: {=IFERROR(INDEX('Värde nyttor'!$J:$X,$C10+3,COLUMNS($J:R))/INDEX(Input!$G$5:$AE$5,COLUMNS($J:R)),"")} -> 0 | AY10: {=IFERROR(INDEX('Värde nyttor'!$J:$X,$C10+3,COLUMNS($J:S))/INDEX(Input!$G$5:$AE$5,COLUMNS($J:S)),"")} -> 0 | AZ10: {=IFERROR(INDEX('Värde nyttor'!$J:$X,$C10+3,COLUMNS($J:T))/INDEX(Input!$G$5:$AE$5,COLUMNS($J:T)),"")} -> 0 | BA10: {=IFERROR(INDEX('Värde nyttor'!$J:$X,$C10+3,COLUMNS($J:U))/INDEX(Input!$G$5:$AE$5,COLUMNS($J:U)),"")} -> 0 | BB10: {=IFERROR(INDEX('Värde nyttor'!$J:$X,$C10+3,COLUMNS($J:V))/INDEX(Input!$G$5:$AE$5,COLUMNS($J:V)),"")} -> 0 | BC10: {=IFERROR(INDEX('Värde nyttor'!$J:$X,$C10+3,COLUMNS($J:W))/INDEX(Input!$G$5:$AE$5,COLUMNS($J:W)),"")} -> 0 | BD10: {=IFERROR(INDEX('Värde nyttor'!$J:$X,$C10+3,COLUMNS($J:X))/INDEX(Input!$G$5:$AE$5,COLUMNS($J:X)),"")} -> 0 | BE10: =SUM(AP10:BD10) -> 0
A11: ="N"&TEXT(ROWS($A$2:A11),"00") -> N10 | B11: =IFERROR(_xlfn.XMATCH($A11,'Värde nyttor'!$B:$B,0),"") -> 183 | C11: =IFERROR(_xlfn.XMATCH($A11,'Värde nyttor'!$I:$I,0),"") -> 194 | D11: {=IFERROR(INDEX('Värde nyttor'!$C:$C,$B11),"")} -> 0 | E11: {=IFERROR(INDEX('Värde nyttor'!$C:$C,$B11+1),"")} -> 0 | F11: {=IFERROR(INDEX('Värde nyttor'!$C:$C,$B11+2),"")} -> 0 | G11: =IF($D11=0,"","Värderad") | J11: {=IFERROR(INDEX('Värde nyttor'!$J:$X,$C11+1,COLUMNS($J:J))/INDEX(Input!$G$5:$AE$5,COLUMNS($J:J)),"")} -> 0 | K11: {=IFERROR(INDEX('Värde nyttor'!$J:$X,$C11+1,COLUMNS($J:K))/INDEX(Input!$G$5:$AE$5,COLUMNS($J:K)),"")} -> 0 | L11: {=IFERROR(INDEX('Värde nyttor'!$J:$X,$C11+1,COLUMNS($J:L))/INDEX(Input!$G$5:$AE$5,COLUMNS($J:L)),"")} -> 0 | M11: {=IFERROR(INDEX('Värde nyttor'!$J:$X,$C11+1,COLUMNS($J:M))/INDEX(Input!$G$5:$AE$5,COLUMNS($J:M)),"")} -> 0 | N11: {=IFERROR(INDEX('Värde nyttor'!$J:$X,$C11+1,COLUMNS($J:N))/INDEX(Input!$G$5:$AE$5,COLUMNS($J:N)),"")} -> 0 | O11: {=IFERROR(INDEX('Värde nyttor'!$J:$X,$C11+1,COLUMNS($J:O))/INDEX(Input!$G$5:$AE$5,COLUMNS($J:O)),"")} -> 0 | P11: {=IFERROR(INDEX('Värde nyttor'!$J:$X,$C11+1,COLUMNS($J:P))/INDEX(Input!$G$5:$AE$5,COLUMNS($J:P)),"")} -> 0 | Q11: {=IFERROR(INDEX('Värde nyttor'!$J:$X,$C11+1,COLUMNS($J:Q))/INDEX(Input!$G$5:$AE$5,COLUMNS($J:Q)),"")} -> 0 | R11: {=IFERROR(INDEX('Värde nyttor'!$J:$X,$C11+1,COLUMNS($J:R))/INDEX(Input!$G$5:$AE$5,COLUMNS($J:R)),"")} -> 0 | S11: {=IFERROR(INDEX('Värde nyttor'!$J:$X,$C11+1,COLUMNS($J:S))/INDEX(Input!$G$5:$AE$5,COLUMNS($J:S)),"")} -> 0 | T11: {=IFERROR(INDEX('Värde nyttor'!$J:$X,$C11+1,COLUMNS($J:T))/INDEX(Input!$G$5:$AE$5,COLUMNS($J:T)),"")} -> 0 | U11: {=IFERROR(INDEX('Värde nyttor'!$J:$X,$C11+1,COLUMNS($J:U))/INDEX(Input!$G$5:$AE$5,COLUMNS($J:U)),"")} -> 0 | V11: {=IFERROR(INDEX('Värde nyttor'!$J:$X,$C11+1,COLUMNS($J:V))/INDEX(Input!$G$5:$AE$5,COLUMNS($J:V)),"")} -> 0 | W11: {=IFERROR(INDEX('Värde nyttor'!$J:$X,$C11+1,COLUMNS($J:W))/INDEX(Input!$G$5:$AE$5,COLUMNS($J:W)),"")} -> 0 | X11: {=IFERROR(INDEX('Värde nyttor'!$J:$X,$C11+1,COLUMNS($J:X))/INDEX(Input!$G$5:$AE$5,COLUMNS($J:X)),"")} -> 0 | Y11: =SUM(J11:X11) -> 0 | Z11: {=IFERROR(INDEX('Värde nyttor'!$J:$X,$C11+2,COLUMNS($J:J))/INDEX(Input!$G$5:$AE$5,COLUMNS($J:J)),"")} -> 0 | AA11: {=IFERROR(INDEX('Värde nyttor'!$J:$X,$C11+2,COLUMNS($J:K))/INDEX(Input!$G$5:$AE$5,COLUMNS($J:K)),"")} -> 0 | AB11: {=IFERROR(INDEX('Värde nyttor'!$J:$X,$C11+2,COLUMNS($J:L))/INDEX(Input!$G$5:$AE$5,COLUMNS($J:L)),"")} -> 0 | AC11: {=IFERROR(INDEX('Värde nyttor'!$J:$X,$C11+2,COLUMNS($J:M))/INDEX(Input!$G$5:$AE$5,COLUMNS($J:M)),"")} -> 0 | AD11: {=IFERROR(INDEX('Värde nyttor'!$J:$X,$C11+2,COLUMNS($J:N))/INDEX(Input!$G$5:$AE$5,COLUMNS($J:N)),"")} -> 0 | AE11: {=IFERROR(INDEX('Värde nyttor'!$J:$X,$C11+2,COLUMNS($J:O))/INDEX(Input!$G$5:$AE$5,COLUMNS($J:O)),"")} -> 0 | AF11: {=IFERROR(INDEX('Värde nyttor'!$J:$X,$C11+2,COLUMNS($J:P))/INDEX(Input!$G$5:$AE$5,COLUMNS($J:P)),"")} -> 0 | AG11: {=IFERROR(INDEX('Värde nyttor'!$J:$X,$C11+2,COLUMNS($J:Q))/INDEX(Input!$G$5:$AE$5,COLUMNS($J:Q)),"")} -> 0 | AH11: {=IFERROR(INDEX('Värde nyttor'!$J:$X,$C11+2,COLUMNS($J:R))/INDEX(Input!$G$5:$AE$5,COLUMNS($J:R)),"")} -> 0 | AI11: {=IFERROR(INDEX('Värde nyttor'!$J:$X,$C11+2,COLUMNS($J:S))/INDEX(Input!$G$5:$AE$5,COLUMNS($J:S)),"")} -> 0 | AJ11: {=IFERROR(INDEX('Värde nyttor'!$J:$X,$C11+2,COLUMNS($J:T))/INDEX(Input!$G$5:$AE$5,COLUMNS($J:T)),"")} -> 0 | AK11: {=IFERROR(INDEX('Värde nyttor'!$J:$X,$C11+2,COLUMNS($J:U))/INDEX(Input!$G$5:$AE$5,COLUMNS($J:U)),"")} -> 0 | AL11: {=IFERROR(INDEX('Värde nyttor'!$J:$X,$C11+2,COLUMNS($J:V))/INDEX(Input!$G$5:$AE$5,COLUMNS($J:V)),"")} -> 0 | AM11: {=IFERROR(INDEX('Värde nyttor'!$J:$X,$C11+2,COLUMNS($J:W))/INDEX(Input!$G$5:$AE$5,COLUMNS($J:W)),"")} -> 0 | AN11: {=IFERROR(INDEX('Värde nyttor'!$J:$X,$C11+2,COLUMNS($J:X))/INDEX(Input!$G$5:$AE$5,COLUMNS($J:X)),"")} -> 0 | AO11: =SUM(Z11:AN11) -> 0 | AP11: {=IFERROR(INDEX('Värde nyttor'!$J:$X,$C11+3,COLUMNS($J:J))/INDEX(Input!$G$5:$AE$5,COLUMNS($J:J)),"")} -> 0 | AQ11: {=IFERROR(INDEX('Värde nyttor'!$J:$X,$C11+3,COLUMNS($J:K))/INDEX(Input!$G$5:$AE$5,COLUMNS($J:K)),"")} -> 0 | AR11: {=IFERROR(INDEX('Värde nyttor'!$J:$X,$C11+3,COLUMNS($J:L))/INDEX(Input!$G$5:$AE$5,COLUMNS($J:L)),"")} -> 0 | AS11: {=IFERROR(INDEX('Värde nyttor'!$J:$X,$C11+3,COLUMNS($J:M))/INDEX(Input!$G$5:$AE$5,COLUMNS($J:M)),"")} -> 0 | AT11: {=IFERROR(INDEX('Värde nyttor'!$J:$X,$C11+3,COLUMNS($J:N))/INDEX(Input!$G$5:$AE$5,COLUMNS($J:N)),"")} -> 0 | AU11: {=IFERROR(INDEX('Värde nyttor'!$J:$X,$C11+3,COLUMNS($J:O))/INDEX(Input!$G$5:$AE$5,COLUMNS($J:O)),"")} -> 0 | AV11: {=IFERROR(INDEX('Värde nyttor'!$J:$X,$C11+3,COLUMNS($J:P))/INDEX(Input!$G$5:$AE$5,COLUMNS($J:P)),"")} -> 0 | AW11: {=IFERROR(INDEX('Värde nyttor'!$J:$X,$C11+3,COLUMNS($J:Q))/INDEX(Input!$G$5:$AE$5,COLUMNS($J:Q)),"")} -> 0 | AX11: {=IFERROR(INDEX('Värde nyttor'!$J:$X,$C11+3,COLUMNS($J:R))/INDEX(Input!$G$5:$AE$5,COLUMNS($J:R)),"")} -> 0 | AY11: {=IFERROR(INDEX('Värde nyttor'!$J:$X,$C11+3,COLUMNS($J:S))/INDEX(Input!$G$5:$AE$5,COLUMNS($J:S)),"")} -> 0 | AZ11: {=IFERROR(INDEX('Värde nyttor'!$J:$X,$C11+3,COLUMNS($J:T))/INDEX(Input!$G$5:$AE$5,COLUMNS($J:T)),"")} -> 0 | BA11: {=IFERROR(INDEX('Värde nyttor'!$J:$X,$C11+3,COLUMNS($J:U))/INDEX(Input!$G$5:$AE$5,COLUMNS($J:U)),"")} -> 0 | BB11: {=IFERROR(INDEX('Värde nyttor'!$J:$X,$C11+3,COLUMNS($J:V))/INDEX(Input!$G$5:$AE$5,COLUMNS($J:V)),"")} -> 0 | BC11: {=IFERROR(INDEX('Värde nyttor'!$J:$X,$C11+3,COLUMNS($J:W))/INDEX(Input!$G$5:$AE$5,COLUMNS($J:W)),"")} -> 0 | BD11: {=IFERROR(INDEX('Värde nyttor'!$J:$X,$C11+3,COLUMNS($J:X))/INDEX(Input!$G$5:$AE$5,COLUMNS($J:X)),"")} -> 0 | BE11: =SUM(AP11:BD11) -> 0
A12: ="N"&TEXT(ROWS($A$2:A12),"00") -> N11 | B12: =IFERROR(_xlfn.XMATCH($A12,'Värde nyttor'!$B:$B,0),"") -> 202 | C12: =IFERROR(_xlfn.XMATCH($A12,'Värde nyttor'!$I:$I,0),"") -> 213 | D12: {=IFERROR(INDEX('Värde nyttor'!$C:$C,$B12),"")} -> 0 | E12: {=IFERROR(INDEX('Värde nyttor'!$C:$C,$B12+1),"")} -> 0 | F12: {=IFERROR(INDEX('Värde nyttor'!$C:$C,$B12+2),"")} -> 0 | G12: =IF($D12=0,"","Värderad") | J12: {=IFERROR(INDEX('Värde nyttor'!$J:$X,$C12+1,COLUMNS($J:J))/INDEX(Input!$G$5:$AE$5,COLUMNS($J:J)),"")} -> 0 | K12: {=IFERROR(INDEX('Värde nyttor'!$J:$X,$C12+1,COLUMNS($J:K))/INDEX(Input!$G$5:$AE$5,COLUMNS($J:K)),"")} -> 0 | L12: {=IFERROR(INDEX('Värde nyttor'!$J:$X,$C12+1,COLUMNS($J:L))/INDEX(Input!$G$5:$AE$5,COLUMNS($J:L)),"")} -> 0 | M12: {=IFERROR(INDEX('Värde nyttor'!$J:$X,$C12+1,COLUMNS($J:M))/INDEX(Input!$G$5:$AE$5,COLUMNS($J:M)),"")} -> 0 | N12: {=IFERROR(INDEX('Värde nyttor'!$J:$X,$C12+1,COLUMNS($J:N))/INDEX(Input!$G$5:$AE$5,COLUMNS($J:N)),"")} -> 0 | O12: {=IFERROR(INDEX('Värde nyttor'!$J:$X,$C12+1,COLUMNS($J:O))/INDEX(Input!$G$5:$AE$5,COLUMNS($J:O)),"")} -> 0 | P12: {=IFERROR(INDEX('Värde nyttor'!$J:$X,$C12+1,COLUMNS($J:P))/INDEX(Input!$G$5:$AE$5,COLUMNS($J:P)),"")} -> 0 | Q12: {=IFERROR(INDEX('Värde nyttor'!$J:$X,$C12+1,COLUMNS($J:Q))/INDEX(Input!$G$5:$AE$5,COLUMNS($J:Q)),"")} -> 0 | R12: {=IFERROR(INDEX('Värde nyttor'!$J:$X,$C12+1,COLUMNS($J:R))/INDEX(Input!$G$5:$AE$5,COLUMNS($J:R)),"")} -> 0 | S12: {=IFERROR(INDEX('Värde nyttor'!$J:$X,$C12+1,COLUMNS($J:S))/INDEX(Input!$G$5:$AE$5,COLUMNS($J:S)),"")} -> 0 | T12: {=IFERROR(INDEX('Värde nyttor'!$J:$X,$C12+1,COLUMNS($J:T))/INDEX(Input!$G$5:$AE$5,COLUMNS($J:T)),"")} -> 0 | U12: {=IFERROR(INDEX('Värde nyttor'!$J:$X,$C12+1,COLUMNS($J:U))/INDEX(Input!$G$5:$AE$5,COLUMNS($J:U)),"")} -> 0 | V12: {=IFERROR(INDEX('Värde nyttor'!$J:$X,$C12+1,COLUMNS($J:V))/INDEX(Input!$G$5:$AE$5,COLUMNS($J:V)),"")} -> 0 | W12: {=IFERROR(INDEX('Värde nyttor'!$J:$X,$C12+1,COLUMNS($J:W))/INDEX(Input!$G$5:$AE$5,COLUMNS($J:W)),"")} -> 0 | X12: {=IFERROR(INDEX('Värde nyttor'!$J:$X,$C12+1,COLUMNS($J:X))/INDEX(Input!$G$5:$AE$5,COLUMNS($J:X)),"")} -> 0 | Y12: =SUM(J12:X12) -> 0 | Z12: {=IFERROR(INDEX('Värde nyttor'!$J:$X,$C12+2,COLUMNS($J:J))/INDEX(Input!$G$5:$AE$5,COLUMNS($J:J)),"")} -> 0 | AA12: {=IFERROR(INDEX('Värde nyttor'!$J:$X,$C12+2,COLUMNS($J:K))/INDEX(Input!$G$5:$AE$5,COLUMNS($J:K)),"")} -> 0 | AB12: {=IFERROR(INDEX('Värde nyttor'!$J:$X,$C12+2,COLUMNS($J:L))/INDEX(Input!$G$5:$AE$5,COLUMNS($J:L)),"")} -> 0 | AC12: {=IFERROR(INDEX('Värde nyttor'!$J:$X,$C12+2,COLUMNS($J:M))/INDEX(Input!$G$5:$AE$5,COLUMNS($J:M)),"")} -> 0 | AD12: {=IFERROR(INDEX('Värde nyttor'!$J:$X,$C12+2,COLUMNS($J:N))/INDEX(Input!$G$5:$AE$5,COLUMNS($J:N)),"")} -> 0 | AE12: {=IFERROR(INDEX('Värde nyttor'!$J:$X,$C12+2,COLUMNS($J:O))/INDEX(Input!$G$5:$AE$5,COLUMNS($J:O)),"")} -> 0 | AF12: {=IFERROR(INDEX('Värde nyttor'!$J:$X,$C12+2,COLUMNS($J:P))/INDEX(Input!$G$5:$AE$5,COLUMNS($J:P)),"")} -> 0 | AG12: {=IFERROR(INDEX('Värde nyttor'!$J:$X,$C12+2,COLUMNS($J:Q))/INDEX(Input!$G$5:$AE$5,COLUMNS($J:Q)),"")} -> 0 | AH12: {=IFERROR(INDEX('Värde nyttor'!$J:$X,$C12+2,COLUMNS($J:R))/INDEX(Input!$G$5:$AE$5,COLUMNS($J:R)),"")} -> 0 | AI12: {=IFERROR(INDEX('Värde nyttor'!$J:$X,$C12+2,COLUMNS($J:S))/INDEX(Input!$G$5:$AE$5,COLUMNS($J:S)),"")} -> 0 | AJ12: {=IFERROR(INDEX('Värde nyttor'!$J:$X,$C12+2,COLUMNS($J:T))/INDEX(Input!$G$5:$AE$5,COLUMNS($J:T)),"")} -> 0 | AK12: {=IFERROR(INDEX('Värde nyttor'!$J:$X,$C12+2,COLUMNS($J:U))/INDEX(Input!$G$5:$AE$5,COLUMNS($J:U)),"")} -> 0 | AL12: {=IFERROR(INDEX('Värde nyttor'!$J:$X,$C12+2,COLUMNS($J:V))/INDEX(Input!$G$5:$AE$5,COLUMNS($J:V)),"")} -> 0 | AM12: {=IFERROR(INDEX('Värde nyttor'!$J:$X,$C12+2,COLUMNS($J:W))/INDEX(Input!$G$5:$AE$5,COLUMNS($J:W)),"")} -> 0 | AN12: {=IFERROR(INDEX('Värde nyttor'!$J:$X,$C12+2,COLUMNS($J:X))/INDEX(Input!$G$5:$AE$5,COLUMNS($J:X)),"")} -> 0 | AO12: =SUM(Z12:AN12) -> 0 | AP12: {=IFERROR(INDEX('Värde nyttor'!$J:$X,$C12+3,COLUMNS($J:J))/INDEX(Input!$G$5:$AE$5,COLUMNS($J:J)),"")} -> 0 | AQ12: {=IFERROR(INDEX('Värde nyttor'!$J:$X,$C12+3,COLUMNS($J:K))/INDEX(Input!$G$5:$AE$5,COLUMNS($J:K)),"")} -> 0 | AR12: {=IFERROR(INDEX('Värde nyttor'!$J:$X,$C12+3,COLUMNS($J:L))/INDEX(Input!$G$5:$AE$5,COLUMNS($J:L)),"")} -> 0 | AS12: {=IFERROR(INDEX('Värde nyttor'!$J:$X,$C12+3,COLUMNS($J:M))/INDEX(Input!$G$5:$AE$5,COLUMNS($J:M)),"")} -> 0 | AT12: {=IFERROR(INDEX('Värde nyttor'!$J:$X,$C12+3,COLUMNS($J:N))/INDEX(Input!$G$5:$AE$5,COLUMNS($J:N)),"")} -> 0 | AU12: {=IFERROR(INDEX('Värde nyttor'!$J:$X,$C12+3,COLUMNS($J:O))/INDEX(Input!$G$5:$AE$5,COLUMNS($J:O)),"")} -> 0 | AV12: {=IFERROR(INDEX('Värde nyttor'!$J:$X,$C12+3,COLUMNS($J:P))/INDEX(Input!$G$5:$AE$5,COLUMNS($J:P)),"")} -> 0 | AW12: {=IFERROR(INDEX('Värde nyttor'!$J:$X,$C12+3,COLUMNS($J:Q))/INDEX(Input!$G$5:$AE$5,COLUMNS($J:Q)),"")} -> 0 | AX12: {=IFERROR(INDEX('Värde nyttor'!$J:$X,$C12+3,COLUMNS($J:R))/INDEX(Input!$G$5:$AE$5,COLUMNS($J:R)),"")} -> 0 | AY12: {=IFERROR(INDEX('Värde nyttor'!$J:$X,$C12+3,COLUMNS($J:S))/INDEX(Input!$G$5:$AE$5,COLUMNS($J:S)),"")} -> 0 | AZ12: {=IFERROR(INDEX('Värde nyttor'!$J:$X,$C12+3,COLUMNS($J:T))/INDEX(Input!$G$5:$AE$5,COLUMNS($J:T)),"")} -> 0 | BA12: {=IFERROR(INDEX('Värde nyttor'!$J:$X,$C12+3,COLUMNS($J:U))/INDEX(Input!$G$5:$AE$5,COLUMNS($J:U)),"")} -> 0 | BB12: {=IFERROR(INDEX('Värde nyttor'!$J:$X,$C12+3,COLUMNS($J:V))/INDEX(Input!$G$5:$AE$5,COLUMNS($J:V)),"")} -> 0 | BC12: {=IFERROR(INDEX('Värde nyttor'!$J:$X,$C12+3,COLUMNS($J:W))/INDEX(Input!$G$5:$AE$5,COLUMNS($J:W)),"")} -> 0 | BD12: {=IFERROR(INDEX('Värde nyttor'!$J:$X,$C12+3,COLUMNS($J:X))/INDEX(Input!$G$5:$AE$5,COLUMNS($J:X)),"")} -> 0 | BE12: =SUM(AP12:BD12) -> 0
A13: ="N"&TEXT(ROWS($A$2:A13),"00") -> N12 | B13: =IFERROR(_xlfn.XMATCH($A13,'Värde nyttor'!$B:$B,0),"") -> 221 | C13: =IFERROR(_xlfn.XMATCH($A13,'Värde nyttor'!$I:$I,0),"") -> 232 | D13: {=IFERROR(INDEX('Värde nyttor'!$C:$C,$B13),"")} -> 0 | E13: {=IFERROR(INDEX('Värde nyttor'!$C:$C,$B13+1),"")} -> 0 | F13: {=IFERROR(INDEX('Värde nyttor'!$C:$C,$B13+2),"")} -> 0 | G13: =IF($D13=0,"","Värderad") | J13: {=IFERROR(INDEX('Värde nyttor'!$J:$X,$C13+1,COLUMNS($J:J))/INDEX(Input!$G$5:$AE$5,COLUMNS($J:J)),"")} -> 0 | K13: {=IFERROR(INDEX('Värde nyttor'!$J:$X,$C13+1,COLUMNS($J:K))/INDEX(Input!$G$5:$AE$5,COLUMNS($J:K)),"")} -> 0 | L13: {=IFERROR(INDEX('Värde nyttor'!$J:$X,$C13+1,COLUMNS($J:L))/INDEX(Input!$G$5:$AE$5,COLUMNS($J:L)),"")} -> 0 | M13: {=IFERROR(INDEX('Värde nyttor'!$J:$X,$C13+1,COLUMNS($J:M))/INDEX(Input!$G$5:$AE$5,COLUMNS($J:M)),"")} -> 0 | N13: {=IFERROR(INDEX('Värde nyttor'!$J:$X,$C13+1,COLUMNS($J:N))/INDEX(Input!$G$5:$AE$5,COLUMNS($J:N)),"")} -> 0 | O13: {=IFERROR(INDEX('Värde nyttor'!$J:$X,$C13+1,COLUMNS($J:O))/INDEX(Input!$G$5:$AE$5,COLUMNS($J:O)),"")} -> 0 | P13: {=IFERROR(INDEX('Värde nyttor'!$J:$X,$C13+1,COLUMNS($J:P))/INDEX(Input!$G$5:$AE$5,COLUMNS($J:P)),"")} -> 0 | Q13: {=IFERROR(INDEX('Värde nyttor'!$J:$X,$C13+1,COLUMNS($J:Q))/INDEX(Input!$G$5:$AE$5,COLUMNS($J:Q)),"")} -> 0 | R13: {=IFERROR(INDEX('Värde nyttor'!$J:$X,$C13+1,COLUMNS($J:R))/INDEX(Input!$G$5:$AE$5,COLUMNS($J:R)),"")} -> 0 | S13: {=IFERROR(INDEX('Värde nyttor'!$J:$X,$C13+1,COLUMNS($J:S))/INDEX(Input!$G$5:$AE$5,COLUMNS($J:S)),"")} -> 0 | T13: {=IFERROR(INDEX('Värde nyttor'!$J:$X,$C13+1,COLUMNS($J:T))/INDEX(Input!$G$5:$AE$5,COLUMNS($J:T)),"")} -> 0 | U13: {=IFERROR(INDEX('Värde nyttor'!$J:$X,$C13+1,COLUMNS($J:U))/INDEX(Input!$G$5:$AE$5,COLUMNS($J:U)),"")} -> 0 | V13: {=IFERROR(INDEX('Värde nyttor'!$J:$X,$C13+1,COLUMNS($J:V))/INDEX(Input!$G$5:$AE$5,COLUMNS($J:V)),"")} -> 0 | W13: {=IFERROR(INDEX('Värde nyttor'!$J:$X,$C13+1,COLUMNS($J:W))/INDEX(Input!$G$5:$AE$5,COLUMNS($J:W)),"")} -> 0 | X13: {=IFERROR(INDEX('Värde nyttor'!$J:$X,$C13+1,COLUMNS($J:X))/INDEX(Input!$G$5:$AE$5,COLUMNS($J:X)),"")} -> 0 | Y13: =SUM(J13:X13) -> 0 | Z13: {=IFERROR(INDEX('Värde nyttor'!$J:$X,$C13+2,COLUMNS($J:J))/INDEX(Input!$G$5:$AE$5,COLUMNS($J:J)),"")} -> 0 | AA13: {=IFERROR(INDEX('Värde nyttor'!$J:$X,$C13+2,COLUMNS($J:K))/INDEX(Input!$G$5:$AE$5,COLUMNS($J:K)),"")} -> 0 | AB13: {=IFERROR(INDEX('Värde nyttor'!$J:$X,$C13+2,COLUMNS($J:L))/INDEX(Input!$G$5:$AE$5,COLUMNS($J:L)),"")} -> 0 | AC13: {=IFERROR(INDEX('Värde nyttor'!$J:$X,$C13+2,COLUMNS($J:M))/INDEX(Input!$G$5:$AE$5,COLUMNS($J:M)),"")} -> 0 | AD13: {=IFERROR(INDEX('Värde nyttor'!$J:$X,$C13+2,COLUMNS($J:N))/INDEX(Input!$G$5:$AE$5,COLUMNS($J:N)),"")} -> 0 | AE13: {=IFERROR(INDEX('Värde nyttor'!$J:$X,$C13+2,COLUMNS($J:O))/INDEX(Input!$G$5:$AE$5,COLUMNS($J:O)),"")} -> 0 | AF13: {=IFERROR(INDEX('Värde nyttor'!$J:$X,$C13+2,COLUMNS($J:P))/INDEX(Input!$G$5:$AE$5,COLUMNS($J:P)),"")} -> 0 | AG13: {=IFERROR(INDEX('Värde nyttor'!$J:$X,$C13+2,COLUMNS($J:Q))/INDEX(Input!$G$5:$AE$5,COLUMNS($J:Q)),"")} -> 0 | AH13: {=IFERROR(INDEX('Värde nyttor'!$J:$X,$C13+2,COLUMNS($J:R))/INDEX(Input!$G$5:$AE$5,COLUMNS($J:R)),"")} -> 0 | AI13: {=IFERROR(INDEX('Värde nyttor'!$J:$X,$C13+2,COLUMNS($J:S))/INDEX(Input!$G$5:$AE$5,COLUMNS($J:S)),"")} -> 0 | AJ13: {=IFERROR(INDEX('Värde nyttor'!$J:$X,$C13+2,COLUMNS($J:T))/INDEX(Input!$G$5:$AE$5,COLUMNS($J:T)),"")} -> 0 | AK13: {=IFERROR(INDEX('Värde nyttor'!$J:$X,$C13+2,COLUMNS($J:U))/INDEX(Input!$G$5:$AE$5,COLUMNS($J:U)),"")} -> 0 | AL13: {=IFERROR(INDEX('Värde nyttor'!$J:$X,$C13+2,COLUMNS($J:V))/INDEX(Input!$G$5:$AE$5,COLUMNS($J:V)),"")} -> 0 | AM13: {=IFERROR(INDEX('Värde nyttor'!$J:$X,$C13+2,COLUMNS($J:W))/INDEX(Input!$G$5:$AE$5,COLUMNS($J:W)),"")} -> 0 | AN13: {=IFERROR(INDEX('Värde nyttor'!$J:$X,$C13+2,COLUMNS($J:X))/INDEX(Input!$G$5:$AE$5,COLUMNS($J:X)),"")} -> 0 | AO13: =SUM(Z13:AN13) -> 0 | AP13: {=IFERROR(INDEX('Värde nyttor'!$J:$X,$C13+3,COLUMNS($J:J))/INDEX(Input!$G$5:$AE$5,COLUMNS($J:J)),"")} -> 0 | AQ13: {=IFERROR(INDEX('Värde nyttor'!$J:$X,$C13+3,COLUMNS($J:K))/INDEX(Input!$G$5:$AE$5,COLUMNS($J:K)),"")} -> 0 | AR13: {=IFERROR(INDEX('Värde nyttor'!$J:$X,$C13+3,COLUMNS($J:L))/INDEX(Input!$G$5:$AE$5,COLUMNS($J:L)),"")} -> 0 | AS13: {=IFERROR(INDEX('Värde nyttor'!$J:$X,$C13+3,COLUMNS($J:M))/INDEX(Input!$G$5:$AE$5,COLUMNS($J:M)),"")} -> 0 | AT13: {=IFERROR(INDEX('Värde nyttor'!$J:$X,$C13+3,COLUMNS($J:N))/INDEX(Input!$G$5:$AE$5,COLUMNS($J:N)),"")} -> 0 | AU13: {=IFERROR(INDEX('Värde nyttor'!$J:$X,$C13+3,COLUMNS($J:O))/INDEX(Input!$G$5:$AE$5,COLUMNS($J:O)),"")} -> 0 | AV13: {=IFERROR(INDEX('Värde nyttor'!$J:$X,$C13+3,COLUMNS($J:P))/INDEX(Input!$G$5:$AE$5,COLUMNS($J:P)),"")} -> 0 | AW13: {=IFERROR(INDEX('Värde nyttor'!$J:$X,$C13+3,COLUMNS($J:Q))/INDEX(Input!$G$5:$AE$5,COLUMNS($J:Q)),"")} -> 0 | AX13: {=IFERROR(INDEX('Värde nyttor'!$J:$X,$C13+3,COLUMNS($J:R))/INDEX(Input!$G$5:$AE$5,COLUMNS($J:R)),"")} -> 0 | AY13: {=IFERROR(INDEX('Värde nyttor'!$J:$X,$C13+3,COLUMNS($J:S))/INDEX(Input!$G$5:$AE$5,COLUMNS($J:S)),"")} -> 0 | AZ13: {=IFERROR(INDEX('Värde nyttor'!$J:$X,$C13+3,COLUMNS($J:T))/INDEX(Input!$G$5:$AE$5,COLUMNS($J:T)),"")} -> 0 | BA13: {=IFERROR(INDEX('Värde nyttor'!$J:$X,$C13+3,COLUMNS($J:U))/INDEX(Input!$G$5:$AE$5,COLUMNS($J:U)),"")} -> 0 | BB13: {=IFERROR(INDEX('Värde nyttor'!$J:$X,$C13+3,COLUMNS($J:V))/INDEX(Input!$G$5:$AE$5,COLUMNS($J:V)),"")} -> 0 | BC13: {=IFERROR(INDEX('Värde nyttor'!$J:$X,$C13+3,COLUMNS($J:W))/INDEX(Input!$G$5:$AE$5,COLUMNS($J:W)),"")} -> 0 | BD13: {=IFERROR(INDEX('Värde nyttor'!$J:$X,$C13+3,COLUMNS($J:X))/INDEX(Input!$G$5:$AE$5,COLUMNS($J:X)),"")} -> 0 | BE13: =SUM(AP13:BD13) -> 0
... A16: ="N"&TEXT(ROWS($A$2:A16),"00") -> N15 | B16: =IFERROR(_xlfn.XMATCH($A16,'Värde nyttor'!$B:$B,0),"") -> 278 | C16: =IFERROR(_xlfn.XMATCH($A16,'Värde nyttor'!$I:$I,0),"") -> 289 | D16: {=IFERROR(INDEX('Värde nyttor'!$C:$C,$B16),"")} -> 0 | E16: {=IFERROR(INDEX('Värde nyttor'!$C:$C,$B16+1),"")} -> 0 | F16: {=IFERROR(INDEX('Värde nyttor'!$C:$C,$B16+2),"")} -> 0 | G16: =IF($D16=0,"","Värderad") | J16: {=IFERROR(INDEX('Värde nyttor'!$J:$X,$C16+1,COLUMNS($J:J))/INDEX(Input!$G$5:$AE$5,COLUMNS($J:J)),"")} -> 0 | K16: {=IFERROR(INDEX('Värde nyttor'!$J:$X,$C16+1,COLUMNS($J:K))/INDEX(Input!$G$5:$AE$5,COLUMNS($J:K)),"")} -> 0 | L16: {=IFERROR(INDEX('Värde nyttor'!$J:$X,$C16+1,COLUMNS($J:L))/INDEX(Input!$G$5:$AE$5,COLUMNS($J:L)),"")} -> 0 | M16: {=IFERROR(INDEX('Värde nyttor'!$J:$X,$C16+1,COLUMNS($J:M))/INDEX(Input!$G$5:$AE$5,COLUMNS($J:M)),"")} -> 0 | N16: {=IFERROR(INDEX('Värde nyttor'!$J:$X,$C16+1,COLUMNS($J:N))/INDEX(Input!$G$5:$AE$5,COLUMNS($J:N)),"")} -> 0 | O16: {=IFERROR(INDEX('Värde nyttor'!$J:$X,$C16+1,COLUMNS($J:O))/INDEX(Input!$G$5:$AE$5,COLUMNS($J:O)),"")} -> 0 | P16: {=IFERROR(INDEX('Värde nyttor'!$J:$X,$C16+1,COLUMNS($J:P))/INDEX(Input!$G$5:$AE$5,COLUMNS($J:P)),"")} -> 0 | Q16: {=IFERROR(INDEX('Värde nyttor'!$J:$X,$C16+1,COLUMNS($J:Q))/INDEX(Input!$G$5:$AE$5,COLUMNS($J:Q)),"")} -> 0 | R16: {=IFERROR(INDEX('Värde nyttor'!$J:$X,$C16+1,COLUMNS($J:R))/INDEX(Input!$G$5:$AE$5,COLUMNS($J:R)),"")} -> 0 | S16: {=IFERROR(INDEX('Värde nyttor'!$J:$X,$C16+1,COLUMNS($J:S))/INDEX(Input!$G$5:$AE$5,COLUMNS($J:S)),"")} -> 0 | T16: {=IFERROR(INDEX('Värde nyttor'!$J:$X,$C16+1,COLUMNS($J:T))/INDEX(Input!$G$5:$AE$5,COLUMNS($J:T)),"")} -> 0 | U16: {=IFERROR(INDEX('Värde nyttor'!$J:$X,$C16+1,COLUMNS($J:U))/INDEX(Input!$G$5:$AE$5,COLUMNS($J:U)),"")} -> 0 | V16: {=IFERROR(INDEX('Värde nyttor'!$J:$X,$C16+1,COLUMNS($J:V))/INDEX(Input!$G$5:$AE$5,COLUMNS($J:V)),"")} -> 0 | W16: {=IFERROR(INDEX('Värde nyttor'!$J:$X,$C16+1,COLUMNS($J:W))/INDEX(Input!$G$5:$AE$5,COLUMNS($J:W)),"")} -> 0 | X16: {=IFERROR(INDEX('Värde nyttor'!$J:$X,$C16+1,COLUMNS($J:X))/INDEX(Input!$G$5:$AE$5,COLUMNS($J:X)),"")} -> 0 | Y16: =SUM(J16:X16) -> 0 | Z16: {=IFERROR(INDEX('Värde nyttor'!$J:$X,$C16+2,COLUMNS($J:J))/INDEX(Input!$G$5:$AE$5,COLUMNS($J:J)),"")} -> 0 | AA16: {=IFERROR(INDEX('Värde nyttor'!$J:$X,$C16+2,COLUMNS($J:K))/INDEX(Input!$G$5:$AE$5,COLUMNS($J:K)),"")} -> 0 | AB16: {=IFERROR(INDEX('Värde nyttor'!$J:$X,$C16+2,COLUMNS($J:L))/INDEX(Input!$G$5:$AE$5,COLUMNS($J:L)),"")} -> 0 | AC16: {=IFERROR(INDEX('Värde nyttor'!$J:$X,$C16+2,COLUMNS($J:M))/INDEX(Input!$G$5:$AE$5,COLUMNS($J:M)),"")} -> 0 | AD16: {=IFERROR(INDEX('Värde nyttor'!$J:$X,$C16+2,COLUMNS($J:N))/INDEX(Input!$G$5:$AE$5,COLUMNS($J:N)),"")} -> 0 | AE16: {=IFERROR(INDEX('Värde nyttor'!$J:$X,$C16+2,COLUMNS($J:O))/INDEX(Input!$G$5:$AE$5,COLUMNS($J:O)),"")} -> 0 | AF16: {=IFERROR(INDEX('Värde nyttor'!$J:$X,$C16+2,COLUMNS($J:P))/INDEX(Input!$G$5:$AE$5,COLUMNS($J:P)),"")} -> 0 | AG16: {=IFERROR(INDEX('Värde nyttor'!$J:$X,$C16+2,COLUMNS($J:Q))/INDEX(Input!$G$5:$AE$5,COLUMNS($J:Q)),"")} -> 0 | AH16: {=IFERROR(INDEX('Värde nyttor'!$J:$X,$C16+2,COLUMNS($J:R))/INDEX(Input!$G$5:$AE$5,COLUMNS($J:R)),"")} -> 0 | AI16: {=IFERROR(INDEX('Värde nyttor'!$J:$X,$C16+2,COLUMNS($J:S))/INDEX(Input!$G$5:$AE$5,COLUMNS($J:S)),"")} -> 0 | AJ16: {=IFERROR(INDEX('Värde nyttor'!$J:$X,$C16+2,COLUMNS($J:T))/INDEX(Input!$G$5:$AE$5,COLUMNS($J:T)),"")} -> 0 | AK16: {=IFERROR(INDEX('Värde nyttor'!$J:$X,$C16+2,COLUMNS($J:U))/INDEX(Input!$G$5:$AE$5,COLUMNS($J:U)),"")} -> 0 | AL16: {=IFERROR(INDEX('Värde nyttor'!$J:$X,$C16+2,COLUMNS($J:V))/INDEX(Input!$G$5:$AE$5,COLUMNS($J:V)),"")} -> 0 | AM16: {=IFERROR(INDEX('Värde nyttor'!$J:$X,$C16+2,COLUMNS($J:W))/INDEX(Input!$G$5:$AE$5,COLUMNS($J:W)),"")} -> 0 | AN16: {=IFERROR(INDEX('Värde nyttor'!$J:$X,$C16+2,COLUMNS($J:X))/INDEX(Input!$G$5:$AE$5,COLUMNS($J:X)),"")} -> 0 | AO16: =SUM(Z16:AN16) -> 0 | AP16: {=IFERROR(INDEX('Värde nyttor'!$J:$X,$C16+3,COLUMNS($J:J))/INDEX(Input!$G$5:$AE$5,COLUMNS($J:J)),"")} -> 0 | AQ16: {=IFERROR(INDEX('Värde nyttor'!$J:$X,$C16+3,COLUMNS($J:K))/INDEX(Input!$G$5:$AE$5,COLUMNS($J:K)),"")} -> 0 | AR16: {=IFERROR(INDEX('Värde nyttor'!$J:$X,$C16+3,COLUMNS($J:L))/INDEX(Input!$G$5:$AE$5,COLUMNS($J:L)),"")} -> 0 | AS16: {=IFERROR(INDEX('Värde nyttor'!$J:$X,$C16+3,COLUMNS($J:M))/INDEX(Input!$G$5:$AE$5,COLUMNS($J:M)),"")} -> 0 | AT16: {=IFERROR(INDEX('Värde nyttor'!$J:$X,$C16+3,COLUMNS($J:N))/INDEX(Input!$G$5:$AE$5,COLUMNS($J:N)),"")} -> 0 | AU16: {=IFERROR(INDEX('Värde nyttor'!$J:$X,$C16+3,COLUMNS($J:O))/INDEX(Input!$G$5:$AE$5,COLUMNS($J:O)),"")} -> 0 | AV16: {=IFERROR(INDEX('Värde nyttor'!$J:$X,$C16+3,COLUMNS($J:P))/INDEX(Input!$G$5:$AE$5,COLUMNS($J:P)),"")} -> 0 | AW16: {=IFERROR(INDEX('Värde nyttor'!$J:$X,$C16+3,COLUMNS($J:Q))/INDEX(Input!$G$5:$AE$5,COLUMNS($J:Q)),"")} -> 0 | AX16: {=IFERROR(INDEX('Värde nyttor'!$J:$X,$C16+3,COLUMNS($J:R))/INDEX(Input!$G$5:$AE$5,COLUMNS($J:R)),"")} -> 0 | AY16: {=IFERROR(INDEX('Värde nyttor'!$J:$X,$C16+3,COLUMNS($J:S))/INDEX(Input!$G$5:$AE$5,COLUMNS($J:S)),"")} -> 0 | AZ16: {=IFERROR(INDEX('Värde nyttor'!$J:$X,$C16+3,COLUMNS($J:T))/INDEX(Input!$G$5:$AE$5,COLUMNS($J:T)),"")} -> 0 | BA16: {=IFERROR(INDEX('Värde nyttor'!$J:$X,$C16+3,COLUMNS($J:U))/INDEX(Input!$G$5:$AE$5,COLUMNS($J:U)),"")} -> 0 | BB16: {=IFERROR(INDEX('Värde nyttor'!$J:$X,$C16+3,COLUMNS($J:V))/INDEX(Input!$G$5:$AE$5,COLUMNS($J:V)),"")} -> 0 | BC16: {=IFERROR(INDEX('Värde nyttor'!$J:$X,$C16+3,COLUMNS($J:W))/INDEX(Input!$G$5:$AE$5,COLUMNS($J:W)),"")} -> 0 | BD16: {=IFERROR(INDEX('Värde nyttor'!$J:$X,$C16+3,COLUMNS($J:X))/INDEX(Input!$G$5:$AE$5,COLUMNS($J:X)),"")} -> 0 | BE16: =SUM(AP16:BD16) -> 0
A17: ="N"&TEXT(ROWS($A$2:A17),"00") -> N16 | D17: {=IFERROR(INDEX('Ej värderade'!$C:$C,ROWS($A$17:A17)+3),"")} -> 0 | E17: {=IFERROR(INDEX('Ej värderade'!$D:$D,ROWS($A$17:B17)+3),"")} -> 0 | F17: {=IFERROR(INDEX('Ej värderade'!$E:$E,ROWS($A$17:C17)+3),"")} -> 0 | G17: =IF($D17=0,"","Ej värderad") | H17: {=IFERROR(INDEX('Ej värderade'!$F:$F,ROWS($A$17:A17)+3),"")} -> 0 | I17: =IFERROR(_xlfn.XLOOKUP(H17,Input!#REF!,Input!#REF!),"") | J17: {=IFERROR(INDEX('Värde nyttor'!$J:$X,$C17+1,COLUMNS($J:J))/INDEX(Input!$G$5:$AE$5,COLUMNS($J:J)),"")} -> 0 | K17: {=IFERROR(INDEX('Värde nyttor'!$J:$X,$C17+1,COLUMNS($J:K))/INDEX(Input!$G$5:$AE$5,COLUMNS($J:K)),"")} -> 0 | L17: {=IFERROR(INDEX('Värde nyttor'!$J:$X,$C17+1,COLUMNS($J:L))/INDEX(Input!$G$5:$AE$5,COLUMNS($J:L)),"")} -> 0 | M17: {=IFERROR(INDEX('Värde nyttor'!$J:$X,$C17+1,COLUMNS($J:M))/INDEX(Input!$G$5:$AE$5,COLUMNS($J:M)),"")} -> 0 | N17: {=IFERROR(INDEX('Värde nyttor'!$J:$X,$C17+1,COLUMNS($J:N))/INDEX(Input!$G$5:$AE$5,COLUMNS($J:N)),"")} -> 0 | O17: {=IFERROR(INDEX('Värde nyttor'!$J:$X,$C17+1,COLUMNS($J:O))/INDEX(Input!$G$5:$AE$5,COLUMNS($J:O)),"")} -> 0 | P17: {=IFERROR(INDEX('Värde nyttor'!$J:$X,$C17+1,COLUMNS($J:P))/INDEX(Input!$G$5:$AE$5,COLUMNS($J:P)),"")} -> 0 | Q17: {=IFERROR(INDEX('Värde nyttor'!$J:$X,$C17+1,COLUMNS($J:Q))/INDEX(Input!$G$5:$AE$5,COLUMNS($J:Q)),"")} -> 0 | R17: {=IFERROR(INDEX('Värde nyttor'!$J:$X,$C17+1,COLUMNS($J:R))/INDEX(Input!$G$5:$AE$5,COLUMNS($J:R)),"")} -> 0 | S17: {=IFERROR(INDEX('Värde nyttor'!$J:$X,$C17+1,COLUMNS($J:S))/INDEX(Input!$G$5:$AE$5,COLUMNS($J:S)),"")} -> 0 | T17: {=IFERROR(INDEX('Värde nyttor'!$J:$X,$C17+1,COLUMNS($J:T))/INDEX(Input!$G$5:$AE$5,COLUMNS($J:T)),"")} -> 0 | U17: {=IFERROR(INDEX('Värde nyttor'!$J:$X,$C17+1,COLUMNS($J:U))/INDEX(Input!$G$5:$AE$5,COLUMNS($J:U)),"")} -> 0 | V17: {=IFERROR(INDEX('Värde nyttor'!$J:$X,$C17+1,COLUMNS($J:V))/INDEX(Input!$G$5:$AE$5,COLUMNS($J:V)),"")} -> 0 | W17: {=IFERROR(INDEX('Värde nyttor'!$J:$X,$C17+1,COLUMNS($J:W))/INDEX(Input!$G$5:$AE$5,COLUMNS($J:W)),"")} -> 0 | X17: {=IFERROR(INDEX('Värde nyttor'!$J:$X,$C17+1,COLUMNS($J:X))/INDEX(Input!$G$5:$AE$5,COLUMNS($J:X)),"")} -> 0 | Z17: {=IFERROR(INDEX(#REF!,INDEX(_xlfn.ANCHORARRAY(#REF!),ROWS($J$2:J17))+2,COLUMNS($J:J))/INDEX(Input!$G$5:$Q$5,COLUMNS($J:J)),"")} | AA17: {=IFERROR(INDEX(#REF!,INDEX(_xlfn.ANCHORARRAY(#REF!),ROWS($J$2:K17))+2,COLUMNS($J:K))/INDEX(Input!$G$5:$Q$5,COLUMNS($J:K)),"")} | AB17: {=IFERROR(INDEX(#REF!,INDEX(_xlfn.ANCHORARRAY(#REF!),ROWS($J$2:L17))+2,COLUMNS($J:L))/INDEX(Input!$G$5:$Q$5,COLUMNS($J:L)),"")} | AC17: {=IFERROR(INDEX(#REF!,INDEX(_xlfn.ANCHORARRAY(#REF!),ROWS($J$2:M17))+2,COLUMNS($J:M))/INDEX(Input!$G$5:$Q$5,COLUMNS($J:M)),"")} | AD17: {=IFERROR(INDEX(#REF!,INDEX(_xlfn.ANCHORARRAY(#REF!),ROWS($J$2:N17))+2,COLUMNS($J:N))/INDEX(Input!$G$5:$Q$5,COLUMNS($J:N)),"")} | AE17: {=IFERROR(INDEX(#REF!,INDEX(_xlfn.ANCHORARRAY(#REF!),ROWS($J$2:O17))+2,COLUMNS($J:O))/INDEX(Input!$G$5:$Q$5,COLUMNS($J:O)),"")} | AF17: {=IFERROR(INDEX(#REF!,INDEX(_xlfn.ANCHORARRAY(#REF!),ROWS($J$2:P17))+2,COLUMNS($J:P))/INDEX(Input!$G$5:$Q$5,COLUMNS($J:P)),"")} | AG17: {=IFERROR(INDEX(#REF!,INDEX(_xlfn.ANCHORARRAY(#REF!),ROWS($J$2:Q17))+2,COLUMNS($J:Q))/INDEX(Input!$G$5:$Q$5,COLUMNS($J:Q)),"")} | AH17: {=IFERROR(INDEX(#REF!,INDEX(_xlfn.ANCHORARRAY(#REF!),ROWS($J$2:R17))+2,COLUMNS($J:R))/INDEX(Input!$G$5:$Q$5,COLUMNS($J:R)),"")} | AI17: {=IFERROR(INDEX(#REF!,INDEX(_xlfn.ANCHORARRAY(#REF!),ROWS($J$2:S17))+2,COLUMNS($J:S))/INDEX(Input!$G$5:$Q$5,COLUMNS($J:S)),"")}
A18: ="N"&TEXT(ROWS($A$2:A18),"00") -> N17 | D18: {=IFERROR(INDEX('Ej värderade'!$C:$C,ROWS($A$17:A18)+3),"")} -> 0 | E18: {=IFERROR(INDEX('Ej värderade'!$D:$D,ROWS($A$17:B18)+3),"")} -> 0 | F18: {=IFERROR(INDEX('Ej värderade'!$E:$E,ROWS($A$17:C18)+3),"")} -> 0 | G18: =IF($D18=0,"","Ej värderad") | H18: {=IFERROR(INDEX('Ej värderade'!$F:$F,ROWS($A$17:A18)+3),"")} -> 0 | I18: =IFERROR(_xlfn.XLOOKUP(H18,Input!#REF!,Input!#REF!),"") | J18: {=IFERROR(INDEX('Värde nyttor'!$J:$X,$C18+1,COLUMNS($J:J))/INDEX(Input!$G$5:$AE$5,COLUMNS($J:J)),"")} -> 0 | K18: {=IFERROR(INDEX('Värde nyttor'!$J:$X,$C18+1,COLUMNS($J:K))/INDEX(Input!$G$5:$AE$5,COLUMNS($J:K)),"")} -> 0 | L18: {=IFERROR(INDEX('Värde nyttor'!$J:$X,$C18+1,COLUMNS($J:L))/INDEX(Input!$G$5:$AE$5,COLUMNS($J:L)),"")} -> 0 | M18: {=IFERROR(INDEX('Värde nyttor'!$J:$X,$C18+1,COLUMNS($J:M))/INDEX(Input!$G$5:$AE$5,COLUMNS($J:M)),"")} -> 0 | N18: {=IFERROR(INDEX('Värde nyttor'!$J:$X,$C18+1,COLUMNS($J:N))/INDEX(Input!$G$5:$AE$5,COLUMNS($J:N)),"")} -> 0 | O18: {=IFERROR(INDEX('Värde nyttor'!$J:$X,$C18+1,COLUMNS($J:O))/INDEX(Input!$G$5:$AE$5,COLUMNS($J:O)),"")} -> 0 | P18: {=IFERROR(INDEX('Värde nyttor'!$J:$X,$C18+1,COLUMNS($J:P))/INDEX(Input!$G$5:$AE$5,COLUMNS($J:P)),"")} -> 0 | Q18: {=IFERROR(INDEX('Värde nyttor'!$J:$X,$C18+1,COLUMNS($J:Q))/INDEX(Input!$G$5:$AE$5,COLUMNS($J:Q)),"")} -> 0 | R18: {=IFERROR(INDEX('Värde nyttor'!$J:$X,$C18+1,COLUMNS($J:R))/INDEX(Input!$G$5:$AE$5,COLUMNS($J:R)),"")} -> 0 | S18: {=IFERROR(INDEX('Värde nyttor'!$J:$X,$C18+1,COLUMNS($J:S))/INDEX(Input!$G$5:$AE$5,COLUMNS($J:S)),"")} -> 0 | T18: {=IFERROR(INDEX('Värde nyttor'!$J:$X,$C18+1,COLUMNS($J:T))/INDEX(Input!$G$5:$AE$5,COLUMNS($J:T)),"")} -> 0 | U18: {=IFERROR(INDEX('Värde nyttor'!$J:$X,$C18+1,COLUMNS($J:U))/INDEX(Input!$G$5:$AE$5,COLUMNS($J:U)),"")} -> 0 | V18: {=IFERROR(INDEX('Värde nyttor'!$J:$X,$C18+1,COLUMNS($J:V))/INDEX(Input!$G$5:$AE$5,COLUMNS($J:V)),"")} -> 0 | W18: {=IFERROR(INDEX('Värde nyttor'!$J:$X,$C18+1,COLUMNS($J:W))/INDEX(Input!$G$5:$AE$5,COLUMNS($J:W)),"")} -> 0 | X18: {=IFERROR(INDEX('Värde nyttor'!$J:$X,$C18+1,COLUMNS($J:X))/INDEX(Input!$G$5:$AE$5,COLUMNS($J:X)),"")} -> 0 | Z18: {=IFERROR(INDEX(#REF!,INDEX(_xlfn.ANCHORARRAY(#REF!),ROWS($J$2:J18))+2,COLUMNS($J:J))/INDEX(Input!$G$5:$Q$5,COLUMNS($J:J)),"")} | AA18: {=IFERROR(INDEX(#REF!,INDEX(_xlfn.ANCHORARRAY(#REF!),ROWS($J$2:K18))+2,COLUMNS($J:K))/INDEX(Input!$G$5:$Q$5,COLUMNS($J:K)),"")} | AB18: {=IFERROR(INDEX(#REF!,INDEX(_xlfn.ANCHORARRAY(#REF!),ROWS($J$2:L18))+2,COLUMNS($J:L))/INDEX(Input!$G$5:$Q$5,COLUMNS($J:L)),"")} | AC18: {=IFERROR(INDEX(#REF!,INDEX(_xlfn.ANCHORARRAY(#REF!),ROWS($J$2:M18))+2,COLUMNS($J:M))/INDEX(Input!$G$5:$Q$5,COLUMNS($J:M)),"")} | AD18: {=IFERROR(INDEX(#REF!,INDEX(_xlfn.ANCHORARRAY(#REF!),ROWS($J$2:N18))+2,COLUMNS($J:N))/INDEX(Input!$G$5:$Q$5,COLUMNS($J:N)),"")} | AE18: {=IFERROR(INDEX(#REF!,INDEX(_xlfn.ANCHORARRAY(#REF!),ROWS($J$2:O18))+2,COLUMNS($J:O))/INDEX(Input!$G$5:$Q$5,COLUMNS($J:O)),"")} | AF18: {=IFERROR(INDEX(#REF!,INDEX(_xlfn.ANCHORARRAY(#REF!),ROWS($J$2:P18))+2,COLUMNS($J:P))/INDEX(Input!$G$5:$Q$5,COLUMNS($J:P)),"")} | AG18: {=IFERROR(INDEX(#REF!,INDEX(_xlfn.ANCHORARRAY(#REF!),ROWS($J$2:Q18))+2,COLUMNS($J:Q))/INDEX(Input!$G$5:$Q$5,COLUMNS($J:Q)),"")} | AH18: {=IFERROR(INDEX(#REF!,INDEX(_xlfn.ANCHORARRAY(#REF!),ROWS($J$2:R18))+2,COLUMNS($J:R))/INDEX(Input!$G$5:$Q$5,COLUMNS($J:R)),"")} | AI18: {=IFERROR(INDEX(#REF!,INDEX(_xlfn.ANCHORARRAY(#REF!),ROWS($J$2:S18))+2,COLUMNS($J:S))/INDEX(Input!$G$5:$Q$5,COLUMNS($J:S)),"")}
A19: ="N"&TEXT(ROWS($A$2:A19),"00") -> N18 | D19: {=IFERROR(INDEX('Ej värderade'!$C:$C,ROWS($A$17:A19)+3),"")} -> 0 | E19: {=IFERROR(INDEX('Ej värderade'!$D:$D,ROWS($A$17:B19)+3),"")} -> 0 | F19: {=IFERROR(INDEX('Ej värderade'!$E:$E,ROWS($A$17:C19)+3),"")} -> 0 | G19: =IF($D19=0,"","Ej värderad") | H19: {=IFERROR(INDEX('Ej värderade'!$F:$F,ROWS($A$17:A19)+3),"")} -> 0 | I19: =IFERROR(_xlfn.XLOOKUP(H19,Input!#REF!,Input!#REF!),"") | J19: {=IFERROR(INDEX('Värde nyttor'!$J:$X,$C19+1,COLUMNS($J:J))/INDEX(Input!$G$5:$AE$5,COLUMNS($J:J)),"")} -> 0 | K19: {=IFERROR(INDEX('Värde nyttor'!$J:$X,$C19+1,COLUMNS($J:K))/INDEX(Input!$G$5:$AE$5,COLUMNS($J:K)),"")} -> 0 | L19: {=IFERROR(INDEX('Värde nyttor'!$J:$X,$C19+1,COLUMNS($J:L))/INDEX(Input!$G$5:$AE$5,COLUMNS($J:L)),"")} -> 0 | M19: {=IFERROR(INDEX('Värde nyttor'!$J:$X,$C19+1,COLUMNS($J:M))/INDEX(Input!$G$5:$AE$5,COLUMNS($J:M)),"")} -> 0 | N19: {=IFERROR(INDEX('Värde nyttor'!$J:$X,$C19+1,COLUMNS($J:N))/INDEX(Input!$G$5:$AE$5,COLUMNS($J:N)),"")} -> 0 | O19: {=IFERROR(INDEX('Värde nyttor'!$J:$X,$C19+1,COLUMNS($J:O))/INDEX(Input!$G$5:$AE$5,COLUMNS($J:O)),"")} -> 0 | P19: {=IFERROR(INDEX('Värde nyttor'!$J:$X,$C19+1,COLUMNS($J:P))/INDEX(Input!$G$5:$AE$5,COLUMNS($J:P)),"")} -> 0 | Q19: {=IFERROR(INDEX('Värde nyttor'!$J:$X,$C19+1,COLUMNS($J:Q))/INDEX(Input!$G$5:$AE$5,COLUMNS($J:Q)),"")} -> 0 | R19: {=IFERROR(INDEX('Värde nyttor'!$J:$X,$C19+1,COLUMNS($J:R))/INDEX(Input!$G$5:$AE$5,COLUMNS($J:R)),"")} -> 0 | S19: {=IFERROR(INDEX('Värde nyttor'!$J:$X,$C19+1,COLUMNS($J:S))/INDEX(Input!$G$5:$AE$5,COLUMNS($J:S)),"")} -> 0 | T19: {=IFERROR(INDEX('Värde nyttor'!$J:$X,$C19+1,COLUMNS($J:T))/INDEX(Input!$G$5:$AE$5,COLUMNS($J:T)),"")} -> 0 | U19: {=IFERROR(INDEX('Värde nyttor'!$J:$X,$C19+1,COLUMNS($J:U))/INDEX(Input!$G$5:$AE$5,COLUMNS($J:U)),"")} -> 0 | V19: {=IFERROR(INDEX('Värde nyttor'!$J:$X,$C19+1,COLUMNS($J:V))/INDEX(Input!$G$5:$AE$5,COLUMNS($J:V)),"")} -> 0 | W19: {=IFERROR(INDEX('Värde nyttor'!$J:$X,$C19+1,COLUMNS($J:W))/INDEX(Input!$G$5:$AE$5,COLUMNS($J:W)),"")} -> 0 | X19: {=IFERROR(INDEX('Värde nyttor'!$J:$X,$C19+1,COLUMNS($J:X))/INDEX(Input!$G$5:$AE$5,COLUMNS($J:X)),"")} -> 0 | Z19: {=IFERROR(INDEX(#REF!,INDEX(_xlfn.ANCHORARRAY(#REF!),ROWS($J$2:J19))+2,COLUMNS($J:J))/INDEX(Input!$G$5:$Q$5,COLUMNS($J:J)),"")} | AA19: {=IFERROR(INDEX(#REF!,INDEX(_xlfn.ANCHORARRAY(#REF!),ROWS($J$2:K19))+2,COLUMNS($J:K))/INDEX(Input!$G$5:$Q$5,COLUMNS($J:K)),"")} | AB19: {=IFERROR(INDEX(#REF!,INDEX(_xlfn.ANCHORARRAY(#REF!),ROWS($J$2:L19))+2,COLUMNS($J:L))/INDEX(Input!$G$5:$Q$5,COLUMNS($J:L)),"")} | AC19: {=IFERROR(INDEX(#REF!,INDEX(_xlfn.ANCHORARRAY(#REF!),ROWS($J$2:M19))+2,COLUMNS($J:M))/INDEX(Input!$G$5:$Q$5,COLUMNS($J:M)),"")} | AD19: {=IFERROR(INDEX(#REF!,INDEX(_xlfn.ANCHORARRAY(#REF!),ROWS($J$2:N19))+2,COLUMNS($J:N))/INDEX(Input!$G$5:$Q$5,COLUMNS($J:N)),"")} | AE19: {=IFERROR(INDEX(#REF!,INDEX(_xlfn.ANCHORARRAY(#REF!),ROWS($J$2:O19))+2,COLUMNS($J:O))/INDEX(Input!$G$5:$Q$5,COLUMNS($J:O)),"")} | AF19: {=IFERROR(INDEX(#REF!,INDEX(_xlfn.ANCHORARRAY(#REF!),ROWS($J$2:P19))+2,COLUMNS($J:P))/INDEX(Input!$G$5:$Q$5,COLUMNS($J:P)),"")} | AG19: {=IFERROR(INDEX(#REF!,INDEX(_xlfn.ANCHORARRAY(#REF!),ROWS($J$2:Q19))+2,COLUMNS($J:Q))/INDEX(Input!$G$5:$Q$5,COLUMNS($J:Q)),"")} | AH19: {=IFERROR(INDEX(#REF!,INDEX(_xlfn.ANCHORARRAY(#REF!),ROWS($J$2:R19))+2,COLUMNS($J:R))/INDEX(Input!$G$5:$Q$5,COLUMNS($J:R)),"")} | AI19: {=IFERROR(INDEX(#REF!,INDEX(_xlfn.ANCHORARRAY(#REF!),ROWS($J$2:S19))+2,COLUMNS($J:S))/INDEX(Input!$G$5:$Q$5,COLUMNS($J:S)),"")}
A20: ="N"&TEXT(ROWS($A$2:A20),"00") -> N19 | D20: {=IFERROR(INDEX('Ej värderade'!$C:$C,ROWS($A$17:A20)+3),"")} -> 0 | E20: {=IFERROR(INDEX('Ej värderade'!$D:$D,ROWS($A$17:B20)+3),"")} -> 0 | F20: {=IFERROR(INDEX('Ej värderade'!$E:$E,ROWS($A$17:C20)+3),"")} -> 0 | G20: =IF($D20=0,"","Ej värderad") | H20: {=IFERROR(INDEX('Ej värderade'!$F:$F,ROWS($A$17:A20)+3),"")} -> 0 | I20: =IFERROR(_xlfn.XLOOKUP(H20,Input!#REF!,Input!#REF!),"") | J20: {=IFERROR(INDEX('Värde nyttor'!$J:$X,$C20+1,COLUMNS($J:J))/INDEX(Input!$G$5:$AE$5,COLUMNS($J:J)),"")} -> 0 | K20: {=IFERROR(INDEX('Värde nyttor'!$J:$X,$C20+1,COLUMNS($J:K))/INDEX(Input!$G$5:$AE$5,COLUMNS($J:K)),"")} -> 0 | L20: {=IFERROR(INDEX('Värde nyttor'!$J:$X,$C20+1,COLUMNS($J:L))/INDEX(Input!$G$5:$AE$5,COLUMNS($J:L)),"")} -> 0 | M20: {=IFERROR(INDEX('Värde nyttor'!$J:$X,$C20+1,COLUMNS($J:M))/INDEX(Input!$G$5:$AE$5,COLUMNS($J:M)),"")} -> 0 | N20: {=IFERROR(INDEX('Värde nyttor'!$J:$X,$C20+1,COLUMNS($J:N))/INDEX(Input!$G$5:$AE$5,COLUMNS($J:N)),"")} -> 0 | O20: {=IFERROR(INDEX('Värde nyttor'!$J:$X,$C20+1,COLUMNS($J:O))/INDEX(Input!$G$5:$AE$5,COLUMNS($J:O)),"")} -> 0 | P20: {=IFERROR(INDEX('Värde nyttor'!$J:$X,$C20+1,COLUMNS($J:P))/INDEX(Input!$G$5:$AE$5,COLUMNS($J:P)),"")} -> 0 | Q20: {=IFERROR(INDEX('Värde nyttor'!$J:$X,$C20+1,COLUMNS($J:Q))/INDEX(Input!$G$5:$AE$5,COLUMNS($J:Q)),"")} -> 0 | R20: {=IFERROR(INDEX('Värde nyttor'!$J:$X,$C20+1,COLUMNS($J:R))/INDEX(Input!$G$5:$AE$5,COLUMNS($J:R)),"")} -> 0 | S20: {=IFERROR(INDEX('Värde nyttor'!$J:$X,$C20+1,COLUMNS($J:S))/INDEX(Input!$G$5:$AE$5,COLUMNS($J:S)),"")} -> 0 | T20: {=IFERROR(INDEX('Värde nyttor'!$J:$X,$C20+1,COLUMNS($J:T))/INDEX(Input!$G$5:$AE$5,COLUMNS($J:T)),"")} -> 0 | U20: {=IFERROR(INDEX('Värde nyttor'!$J:$X,$C20+1,COLUMNS($J:U))/INDEX(Input!$G$5:$AE$5,COLUMNS($J:U)),"")} -> 0 | V20: {=IFERROR(INDEX('Värde nyttor'!$J:$X,$C20+1,COLUMNS($J:V))/INDEX(Input!$G$5:$AE$5,COLUMNS($J:V)),"")} -> 0 | W20: {=IFERROR(INDEX('Värde nyttor'!$J:$X,$C20+1,COLUMNS($J:W))/INDEX(Input!$G$5:$AE$5,COLUMNS($J:W)),"")} -> 0 | X20: {=IFERROR(INDEX('Värde nyttor'!$J:$X,$C20+1,COLUMNS($J:X))/INDEX(Input!$G$5:$AE$5,COLUMNS($J:X)),"")} -> 0
A21: ="N"&TEXT(ROWS($A$2:A21),"00") -> N20 | D21: {=IFERROR(INDEX('Ej värderade'!$C:$C,ROWS($A$17:A21)+3),"")} -> 0 | E21: {=IFERROR(INDEX('Ej värderade'!$D:$D,ROWS($A$17:B21)+3),"")} -> 0 | F21: {=IFERROR(INDEX('Ej värderade'!$E:$E,ROWS($A$17:C21)+3),"")} -> 0 | G21: =IF($D21=0,"","Ej värderad") | H21: {=IFERROR(INDEX('Ej värderade'!$F:$F,ROWS($A$17:A21)+3),"")} -> 0 | I21: =IFERROR(_xlfn.XLOOKUP(H21,Input!#REF!,Input!#REF!),"") | J21: {=IFERROR(INDEX('Värde nyttor'!$J:$X,$C21+1,COLUMNS($J:J))/INDEX(Input!$G$5:$AE$5,COLUMNS($J:J)),"")} -> 0 | K21: {=IFERROR(INDEX('Värde nyttor'!$J:$X,$C21+1,COLUMNS($J:K))/INDEX(Input!$G$5:$AE$5,COLUMNS($J:K)),"")} -> 0 | L21: {=IFERROR(INDEX('Värde nyttor'!$J:$X,$C21+1,COLUMNS($J:L))/INDEX(Input!$G$5:$AE$5,COLUMNS($J:L)),"")} -> 0 | M21: {=IFERROR(INDEX('Värde nyttor'!$J:$X,$C21+1,COLUMNS($J:M))/INDEX(Input!$G$5:$AE$5,COLUMNS($J:M)),"")} -> 0 | N21: {=IFERROR(INDEX('Värde nyttor'!$J:$X,$C21+1,COLUMNS($J:N))/INDEX(Input!$G$5:$AE$5,COLUMNS($J:N)),"")} -> 0 | O21: {=IFERROR(INDEX('Värde nyttor'!$J:$X,$C21+1,COLUMNS($J:O))/INDEX(Input!$G$5:$AE$5,COLUMNS($J:O)),"")} -> 0 | P21: {=IFERROR(INDEX('Värde nyttor'!$J:$X,$C21+1,COLUMNS($J:P))/INDEX(Input!$G$5:$AE$5,COLUMNS($J:P)),"")} -> 0 | Q21: {=IFERROR(INDEX('Värde nyttor'!$J:$X,$C21+1,COLUMNS($J:Q))/INDEX(Input!$G$5:$AE$5,COLUMNS($J:Q)),"")} -> 0 | R21: {=IFERROR(INDEX('Värde nyttor'!$J:$X,$C21+1,COLUMNS($J:R))/INDEX(Input!$G$5:$AE$5,COLUMNS($J:R)),"")} -> 0 | S21: {=IFERROR(INDEX('Värde nyttor'!$J:$X,$C21+1,COLUMNS($J:S))/INDEX(Input!$G$5:$AE$5,COLUMNS($J:S)),"")} -> 0 | T21: {=IFERROR(INDEX('Värde nyttor'!$J:$X,$C21+1,COLUMNS($J:T))/INDEX(Input!$G$5:$AE$5,COLUMNS($J:T)),"")} -> 0 | U21: {=IFERROR(INDEX('Värde nyttor'!$J:$X,$C21+1,COLUMNS($J:U))/INDEX(Input!$G$5:$AE$5,COLUMNS($J:U)),"")} -> 0 | V21: {=IFERROR(INDEX('Värde nyttor'!$J:$X,$C21+1,COLUMNS($J:V))/INDEX(Input!$G$5:$AE$5,COLUMNS($J:V)),"")} -> 0 | W21: {=IFERROR(INDEX('Värde nyttor'!$J:$X,$C21+1,COLUMNS($J:W))/INDEX(Input!$G$5:$AE$5,COLUMNS($J:W)),"")} -> 0 | X21: {=IFERROR(INDEX('Värde nyttor'!$J:$X,$C21+1,COLUMNS($J:X))/INDEX(Input!$G$5:$AE$5,COLUMNS($J:X)),"")} -> 0
A22: ="N"&TEXT(ROWS($A$2:A22),"00") -> N21 | D22: {=IFERROR(INDEX('Ej värderade'!$C:$C,ROWS($A$17:A22)+3),"")} -> 0 | E22: {=IFERROR(INDEX('Ej värderade'!$D:$D,ROWS($A$17:B22)+3),"")} -> 0 | F22: {=IFERROR(INDEX('Ej värderade'!$E:$E,ROWS($A$17:C22)+3),"")} -> 0 | G22: =IF($D22=0,"","Ej värderad") | H22: {=IFERROR(INDEX('Ej värderade'!$F:$F,ROWS($A$17:A22)+3),"")} -> 0 | I22: =IFERROR(_xlfn.XLOOKUP(H22,Input!#REF!,Input!#REF!),"") | J22: {=IFERROR(INDEX('Värde nyttor'!$J:$X,$C22+1,COLUMNS($J:J))/INDEX(Input!$G$5:$AE$5,COLUMNS($J:J)),"")} -> 0 | K22: {=IFERROR(INDEX('Värde nyttor'!$J:$X,$C22+1,COLUMNS($J:K))/INDEX(Input!$G$5:$AE$5,COLUMNS($J:K)),"")} -> 0 | L22: {=IFERROR(INDEX('Värde nyttor'!$J:$X,$C22+1,COLUMNS($J:L))/INDEX(Input!$G$5:$AE$5,COLUMNS($J:L)),"")} -> 0 | M22: {=IFERROR(INDEX('Värde nyttor'!$J:$X,$C22+1,COLUMNS($J:M))/INDEX(Input!$G$5:$AE$5,COLUMNS($J:M)),"")} -> 0 | N22: {=IFERROR(INDEX('Värde nyttor'!$J:$X,$C22+1,COLUMNS($J:N))/INDEX(Input!$G$5:$AE$5,COLUMNS($J:N)),"")} -> 0 | O22: {=IFERROR(INDEX('Värde nyttor'!$J:$X,$C22+1,COLUMNS($J:O))/INDEX(Input!$G$5:$AE$5,COLUMNS($J:O)),"")} -> 0 | P22: {=IFERROR(INDEX('Värde nyttor'!$J:$X,$C22+1,COLUMNS($J:P))/INDEX(Input!$G$5:$AE$5,COLUMNS($J:P)),"")} -> 0 | Q22: {=IFERROR(INDEX('Värde nyttor'!$J:$X,$C22+1,COLUMNS($J:Q))/INDEX(Input!$G$5:$AE$5,COLUMNS($J:Q)),"")} -> 0 | R22: {=IFERROR(INDEX('Värde nyttor'!$J:$X,$C22+1,COLUMNS($J:R))/INDEX(Input!$G$5:$AE$5,COLUMNS($J:R)),"")} -> 0 | S22: {=IFERROR(INDEX('Värde nyttor'!$J:$X,$C22+1,COLUMNS($J:S))/INDEX(Input!$G$5:$AE$5,COLUMNS($J:S)),"")} -> 0 | T22: {=IFERROR(INDEX('Värde nyttor'!$J:$X,$C22+1,COLUMNS($J:T))/INDEX(Input!$G$5:$AE$5,COLUMNS($J:T)),"")} -> 0 | U22: {=IFERROR(INDEX('Värde nyttor'!$J:$X,$C22+1,COLUMNS($J:U))/INDEX(Input!$G$5:$AE$5,COLUMNS($J:U)),"")} -> 0 | V22: {=IFERROR(INDEX('Värde nyttor'!$J:$X,$C22+1,COLUMNS($J:V))/INDEX(Input!$G$5:$AE$5,COLUMNS($J:V)),"")} -> 0 | W22: {=IFERROR(INDEX('Värde nyttor'!$J:$X,$C22+1,COLUMNS($J:W))/INDEX(Input!$G$5:$AE$5,COLUMNS($J:W)),"")} -> 0 | X22: {=IFERROR(INDEX('Värde nyttor'!$J:$X,$C22+1,COLUMNS($J:X))/INDEX(Input!$G$5:$AE$5,COLUMNS($J:X)),"")} -> 0
A23: ="N"&TEXT(ROWS($A$2:A23),"00") -> N22 | D23: {=IFERROR(INDEX('Ej värderade'!$C:$C,ROWS($A$17:A23)+3),"")} -> 0 | E23: {=IFERROR(INDEX('Ej värderade'!$D:$D,ROWS($A$17:B23)+3),"")} -> 0 | F23: {=IFERROR(INDEX('Ej värderade'!$E:$E,ROWS($A$17:C23)+3),"")} -> 0 | G23: =IF($D23=0,"","Ej värderad") | H23: {=IFERROR(INDEX('Ej värderade'!$F:$F,ROWS($A$17:A23)+3),"")} -> 0 | I23: =IFERROR(_xlfn.XLOOKUP(H23,Input!#REF!,Input!#REF!),"") | J23: {=IFERROR(INDEX('Värde nyttor'!$J:$X,$C23+1,COLUMNS($J:J))/INDEX(Input!$G$5:$AE$5,COLUMNS($J:J)),"")} -> 0 | K23: {=IFERROR(INDEX('Värde nyttor'!$J:$X,$C23+1,COLUMNS($J:K))/INDEX(Input!$G$5:$AE$5,COLUMNS($J:K)),"")} -> 0 | L23: {=IFERROR(INDEX('Värde nyttor'!$J:$X,$C23+1,COLUMNS($J:L))/INDEX(Input!$G$5:$AE$5,COLUMNS($J:L)),"")} -> 0 | M23: {=IFERROR(INDEX('Värde nyttor'!$J:$X,$C23+1,COLUMNS($J:M))/INDEX(Input!$G$5:$AE$5,COLUMNS($J:M)),"")} -> 0 | N23: {=IFERROR(INDEX('Värde nyttor'!$J:$X,$C23+1,COLUMNS($J:N))/INDEX(Input!$G$5:$AE$5,COLUMNS($J:N)),"")} -> 0 | O23: {=IFERROR(INDEX('Värde nyttor'!$J:$X,$C23+1,COLUMNS($J:O))/INDEX(Input!$G$5:$AE$5,COLUMNS($J:O)),"")} -> 0 | P23: {=IFERROR(INDEX('Värde nyttor'!$J:$X,$C23+1,COLUMNS($J:P))/INDEX(Input!$G$5:$AE$5,COLUMNS($J:P)),"")} -> 0 | Q23: {=IFERROR(INDEX('Värde nyttor'!$J:$X,$C23+1,COLUMNS($J:Q))/INDEX(Input!$G$5:$AE$5,COLUMNS($J:Q)),"")} -> 0 | R23: {=IFERROR(INDEX('Värde nyttor'!$J:$X,$C23+1,COLUMNS($J:R))/INDEX(Input!$G$5:$AE$5,COLUMNS($J:R)),"")} -> 0 | S23: {=IFERROR(INDEX('Värde nyttor'!$J:$X,$C23+1,COLUMNS($J:S))/INDEX(Input!$G$5:$AE$5,COLUMNS($J:S)),"")} -> 0 | T23: {=IFERROR(INDEX('Värde nyttor'!$J:$X,$C23+1,COLUMNS($J:T))/INDEX(Input!$G$5:$AE$5,COLUMNS($J:T)),"")} -> 0 | U23: {=IFERROR(INDEX('Värde nyttor'!$J:$X,$C23+1,COLUMNS($J:U))/INDEX(Input!$G$5:$AE$5,COLUMNS($J:U)),"")} -> 0 | V23: {=IFERROR(INDEX('Värde nyttor'!$J:$X,$C23+1,COLUMNS($J:V))/INDEX(Input!$G$5:$AE$5,COLUMNS($J:V)),"")} -> 0 | W23: {=IFERROR(INDEX('Värde nyttor'!$J:$X,$C23+1,COLUMNS($J:W))/INDEX(Input!$G$5:$AE$5,COLUMNS($J:W)),"")} -> 0 | X23: {=IFERROR(INDEX('Värde nyttor'!$J:$X,$C23+1,COLUMNS($J:X))/INDEX(Input!$G$5:$AE$5,COLUMNS($J:X)),"")} -> 0
A24: ="N"&TEXT(ROWS($A$2:A24),"00") -> N23 | D24: {=IFERROR(INDEX('Ej värderade'!$C:$C,ROWS($A$17:A24)+3),"")} -> 0 | E24: {=IFERROR(INDEX('Ej värderade'!$D:$D,ROWS($A$17:B24)+3),"")} -> 0 | F24: {=IFERROR(INDEX('Ej värderade'!$E:$E,ROWS($A$17:C24)+3),"")} -> 0 | G24: =IF($D24=0,"","Ej värderad") | H24: {=IFERROR(INDEX('Ej värderade'!$F:$F,ROWS($A$17:A24)+3),"")} -> 0 | I24: =IFERROR(_xlfn.XLOOKUP(H24,Input!#REF!,Input!#REF!),"") | J24: {=IFERROR(INDEX('Värde nyttor'!$J:$X,$C24+1,COLUMNS($J:J))/INDEX(Input!$G$5:$AE$5,COLUMNS($J:J)),"")} -> 0 | K24: {=IFERROR(INDEX('Värde nyttor'!$J:$X,$C24+1,COLUMNS($J:K))/INDEX(Input!$G$5:$AE$5,COLUMNS($J:K)),"")} -> 0 | L24: {=IFERROR(INDEX('Värde nyttor'!$J:$X,$C24+1,COLUMNS($J:L))/INDEX(Input!$G$5:$AE$5,COLUMNS($J:L)),"")} -> 0 | M24: {=IFERROR(INDEX('Värde nyttor'!$J:$X,$C24+1,COLUMNS($J:M))/INDEX(Input!$G$5:$AE$5,COLUMNS($J:M)),"")} -> 0 | N24: {=IFERROR(INDEX('Värde nyttor'!$J:$X,$C24+1,COLUMNS($J:N))/INDEX(Input!$G$5:$AE$5,COLUMNS($J:N)),"")} -> 0 | O24: {=IFERROR(INDEX('Värde nyttor'!$J:$X,$C24+1,COLUMNS($J:O))/INDEX(Input!$G$5:$AE$5,COLUMNS($J:O)),"")} -> 0 | P24: {=IFERROR(INDEX('Värde nyttor'!$J:$X,$C24+1,COLUMNS($J:P))/INDEX(Input!$G$5:$AE$5,COLUMNS($J:P)),"")} -> 0 | Q24: {=IFERROR(INDEX('Värde nyttor'!$J:$X,$C24+1,COLUMNS($J:Q))/INDEX(Input!$G$5:$AE$5,COLUMNS($J:Q)),"")} -> 0 | R24: {=IFERROR(INDEX('Värde nyttor'!$J:$X,$C24+1,COLUMNS($J:R))/INDEX(Input!$G$5:$AE$5,COLUMNS($J:R)),"")} -> 0 | S24: {=IFERROR(INDEX('Värde nyttor'!$J:$X,$C24+1,COLUMNS($J:S))/INDEX(Input!$G$5:$AE$5,COLUMNS($J:S)),"")} -> 0 | T24: {=IFERROR(INDEX('Värde nyttor'!$J:$X,$C24+1,COLUMNS($J:T))/INDEX(Input!$G$5:$AE$5,COLUMNS($J:T)),"")} -> 0 | U24: {=IFERROR(INDEX('Värde nyttor'!$J:$X,$C24+1,COLUMNS($J:U))/INDEX(Input!$G$5:$AE$5,COLUMNS($J:U)),"")} -> 0 | V24: {=IFERROR(INDEX('Värde nyttor'!$J:$X,$C24+1,COLUMNS($J:V))/INDEX(Input!$G$5:$AE$5,COLUMNS($J:V)),"")} -> 0 | W24: {=IFERROR(INDEX('Värde nyttor'!$J:$X,$C24+1,COLUMNS($J:W))/INDEX(Input!$G$5:$AE$5,COLUMNS($J:W)),"")} -> 0 | X24: {=IFERROR(INDEX('Värde nyttor'!$J:$X,$C24+1,COLUMNS($J:X))/INDEX(Input!$G$5:$AE$5,COLUMNS($J:X)),"")} -> 0
A25: ="N"&TEXT(ROWS($A$2:A25),"00") -> N24 | D25: {=IFERROR(INDEX('Ej värderade'!$C:$C,ROWS($A$17:A25)+3),"")} -> 0 | E25: {=IFERROR(INDEX('Ej värderade'!$D:$D,ROWS($A$17:B25)+3),"")} -> 0 | F25: {=IFERROR(INDEX('Ej värderade'!$E:$E,ROWS($A$17:C25)+3),"")} -> 0 | G25: =IF($D25=0,"","Ej värderad") | H25: {=IFERROR(INDEX('Ej värderade'!$F:$F,ROWS($A$17:A25)+3),"")} -> 0 | I25: =IFERROR(_xlfn.XLOOKUP(H25,Input!#REF!,Input!#REF!),"") | J25: {=IFERROR(INDEX('Värde nyttor'!$J:$X,$C25+1,COLUMNS($J:J))/INDEX(Input!$G$5:$AE$5,COLUMNS($J:J)),"")} -> 0 | K25: {=IFERROR(INDEX('Värde nyttor'!$J:$X,$C25+1,COLUMNS($J:K))/INDEX(Input!$G$5:$AE$5,COLUMNS($J:K)),"")} -> 0 | L25: {=IFERROR(INDEX('Värde nyttor'!$J:$X,$C25+1,COLUMNS($J:L))/INDEX(Input!$G$5:$AE$5,COLUMNS($J:L)),"")} -> 0 | M25: {=IFERROR(INDEX('Värde nyttor'!$J:$X,$C25+1,COLUMNS($J:M))/INDEX(Input!$G$5:$AE$5,COLUMNS($J:M)),"")} -> 0 | N25: {=IFERROR(INDEX('Värde nyttor'!$J:$X,$C25+1,COLUMNS($J:N))/INDEX(Input!$G$5:$AE$5,COLUMNS($J:N)),"")} -> 0 | O25: {=IFERROR(INDEX('Värde nyttor'!$J:$X,$C25+1,COLUMNS($J:O))/INDEX(Input!$G$5:$AE$5,COLUMNS($J:O)),"")} -> 0 | P25: {=IFERROR(INDEX('Värde nyttor'!$J:$X,$C25+1,COLUMNS($J:P))/INDEX(Input!$G$5:$AE$5,COLUMNS($J:P)),"")} -> 0 | Q25: {=IFERROR(INDEX('Värde nyttor'!$J:$X,$C25+1,COLUMNS($J:Q))/INDEX(Input!$G$5:$AE$5,COLUMNS($J:Q)),"")} -> 0 | R25: {=IFERROR(INDEX('Värde nyttor'!$J:$X,$C25+1,COLUMNS($J:R))/INDEX(Input!$G$5:$AE$5,COLUMNS($J:R)),"")} -> 0 | S25: {=IFERROR(INDEX('Värde nyttor'!$J:$X,$C25+1,COLUMNS($J:S))/INDEX(Input!$G$5:$AE$5,COLUMNS($J:S)),"")} -> 0 | T25: {=IFERROR(INDEX('Värde nyttor'!$J:$X,$C25+1,COLUMNS($J:T))/INDEX(Input!$G$5:$AE$5,COLUMNS($J:T)),"")} -> 0 | U25: {=IFERROR(INDEX('Värde nyttor'!$J:$X,$C25+1,COLUMNS($J:U))/INDEX(Input!$G$5:$AE$5,COLUMNS($J:U)),"")} -> 0 | V25: {=IFERROR(INDEX('Värde nyttor'!$J:$X,$C25+1,COLUMNS($J:V))/INDEX(Input!$G$5:$AE$5,COLUMNS($J:V)),"")} -> 0 | W25: {=IFERROR(INDEX('Värde nyttor'!$J:$X,$C25+1,COLUMNS($J:W))/INDEX(Input!$G$5:$AE$5,COLUMNS($J:W)),"")} -> 0 | X25: {=IFERROR(INDEX('Värde nyttor'!$J:$X,$C25+1,COLUMNS($J:X))/INDEX(Input!$G$5:$AE$5,COLUMNS($J:X)),"")} -> 0
A26: ="N"&TEXT(ROWS($A$2:A26),"00") -> N25 | D26: {=IFERROR(INDEX('Ej värderade'!$C:$C,ROWS($A$17:A26)+3),"")} -> 0 | E26: {=IFERROR(INDEX('Ej värderade'!$D:$D,ROWS($A$17:B26)+3),"")} -> 0 | F26: {=IFERROR(INDEX('Ej värderade'!$E:$E,ROWS($A$17:C26)+3),"")} -> 0 | G26: =IF($D26=0,"","Ej värderad") | H26: {=IFERROR(INDEX('Ej värderade'!$F:$F,ROWS($A$17:A26)+3),"")} -> 0 | I26: =IFERROR(_xlfn.XLOOKUP(H26,Input!#REF!,Input!#REF!),"") | J26: {=IFERROR(INDEX('Värde nyttor'!$J:$X,$C26+1,COLUMNS($J:J))/INDEX(Input!$G$5:$AE$5,COLUMNS($J:J)),"")} -> 0 | K26: {=IFERROR(INDEX('Värde nyttor'!$J:$X,$C26+1,COLUMNS($J:K))/INDEX(Input!$G$5:$AE$5,COLUMNS($J:K)),"")} -> 0 | L26: {=IFERROR(INDEX('Värde nyttor'!$J:$X,$C26+1,COLUMNS($J:L))/INDEX(Input!$G$5:$AE$5,COLUMNS($J:L)),"")} -> 0 | M26: {=IFERROR(INDEX('Värde nyttor'!$J:$X,$C26+1,COLUMNS($J:M))/INDEX(Input!$G$5:$AE$5,COLUMNS($J:M)),"")} -> 0 | N26: {=IFERROR(INDEX('Värde nyttor'!$J:$X,$C26+1,COLUMNS($J:N))/INDEX(Input!$G$5:$AE$5,COLUMNS($J:N)),"")} -> 0 | O26: {=IFERROR(INDEX('Värde nyttor'!$J:$X,$C26+1,COLUMNS($J:O))/INDEX(Input!$G$5:$AE$5,COLUMNS($J:O)),"")} -> 0 | P26: {=IFERROR(INDEX('Värde nyttor'!$J:$X,$C26+1,COLUMNS($J:P))/INDEX(Input!$G$5:$AE$5,COLUMNS($J:P)),"")} -> 0 | Q26: {=IFERROR(INDEX('Värde nyttor'!$J:$X,$C26+1,COLUMNS($J:Q))/INDEX(Input!$G$5:$AE$5,COLUMNS($J:Q)),"")} -> 0 | R26: {=IFERROR(INDEX('Värde nyttor'!$J:$X,$C26+1,COLUMNS($J:R))/INDEX(Input!$G$5:$AE$5,COLUMNS($J:R)),"")} -> 0 | S26: {=IFERROR(INDEX('Värde nyttor'!$J:$X,$C26+1,COLUMNS($J:S))/INDEX(Input!$G$5:$AE$5,COLUMNS($J:S)),"")} -> 0 | T26: {=IFERROR(INDEX('Värde nyttor'!$J:$X,$C26+1,COLUMNS($J:T))/INDEX(Input!$G$5:$AE$5,COLUMNS($J:T)),"")} -> 0 | U26: {=IFERROR(INDEX('Värde nyttor'!$J:$X,$C26+1,COLUMNS($J:U))/INDEX(Input!$G$5:$AE$5,COLUMNS($J:U)),"")} -> 0 | V26: {=IFERROR(INDEX('Värde nyttor'!$J:$X,$C26+1,COLUMNS($J:V))/INDEX(Input!$G$5:$AE$5,COLUMNS($J:V)),"")} -> 0 | W26: {=IFERROR(INDEX('Värde nyttor'!$J:$X,$C26+1,COLUMNS($J:W))/INDEX(Input!$G$5:$AE$5,COLUMNS($J:W)),"")} -> 0 | X26: {=IFERROR(INDEX('Värde nyttor'!$J:$X,$C26+1,COLUMNS($J:X))/INDEX(Input!$G$5:$AE$5,COLUMNS($J:X)),"")} -> 0
A27: ="N"&TEXT(ROWS($A$2:A27),"00") -> N26 | D27: {=IFERROR(INDEX('Ej värderade'!$C:$C,ROWS($A$17:A27)+3),"")} -> 0 | E27: {=IFERROR(INDEX('Ej värderade'!$D:$D,ROWS($A$17:B27)+3),"")} -> 0 | F27: {=IFERROR(INDEX('Ej värderade'!$E:$E,ROWS($A$17:C27)+3),"")} -> 0 | G27: =IF($D27=0,"","Ej värderad") | H27: {=IFERROR(INDEX('Ej värderade'!$F:$F,ROWS($A$17:A27)+3),"")} -> 0 | I27: =IFERROR(_xlfn.XLOOKUP(H27,Input!#REF!,Input!#REF!),"") | J27: {=IFERROR(INDEX('Värde nyttor'!$J:$X,$C27+1,COLUMNS($J:J))/INDEX(Input!$G$5:$AE$5,COLUMNS($J:J)),"")} -> 0 | K27: {=IFERROR(INDEX('Värde nyttor'!$J:$X,$C27+1,COLUMNS($J:K))/INDEX(Input!$G$5:$AE$5,COLUMNS($J:K)),"")} -> 0 | L27: {=IFERROR(INDEX('Värde nyttor'!$J:$X,$C27+1,COLUMNS($J:L))/INDEX(Input!$G$5:$AE$5,COLUMNS($J:L)),"")} -> 0 | M27: {=IFERROR(INDEX('Värde nyttor'!$J:$X,$C27+1,COLUMNS($J:M))/INDEX(Input!$G$5:$AE$5,COLUMNS($J:M)),"")} -> 0 | N27: {=IFERROR(INDEX('Värde nyttor'!$J:$X,$C27+1,COLUMNS($J:N))/INDEX(Input!$G$5:$AE$5,COLUMNS($J:N)),"")} -> 0 | O27: {=IFERROR(INDEX('Värde nyttor'!$J:$X,$C27+1,COLUMNS($J:O))/INDEX(Input!$G$5:$AE$5,COLUMNS($J:O)),"")} -> 0 | P27: {=IFERROR(INDEX('Värde nyttor'!$J:$X,$C27+1,COLUMNS($J:P))/INDEX(Input!$G$5:$AE$5,COLUMNS($J:P)),"")} -> 0 | Q27: {=IFERROR(INDEX('Värde nyttor'!$J:$X,$C27+1,COLUMNS($J:Q))/INDEX(Input!$G$5:$AE$5,COLUMNS($J:Q)),"")} -> 0 | R27: {=IFERROR(INDEX('Värde nyttor'!$J:$X,$C27+1,COLUMNS($J:R))/INDEX(Input!$G$5:$AE$5,COLUMNS($J:R)),"")} -> 0 | S27: {=IFERROR(INDEX('Värde nyttor'!$J:$X,$C27+1,COLUMNS($J:S))/INDEX(Input!$G$5:$AE$5,COLUMNS($J:S)),"")} -> 0 | T27: {=IFERROR(INDEX('Värde nyttor'!$J:$X,$C27+1,COLUMNS($J:T))/INDEX(Input!$G$5:$AE$5,COLUMNS($J:T)),"")} -> 0 | U27: {=IFERROR(INDEX('Värde nyttor'!$J:$X,$C27+1,COLUMNS($J:U))/INDEX(Input!$G$5:$AE$5,COLUMNS($J:U)),"")} -> 0 | V27: {=IFERROR(INDEX('Värde nyttor'!$J:$X,$C27+1,COLUMNS($J:V))/INDEX(Input!$G$5:$AE$5,COLUMNS($J:V)),"")} -> 0 | W27: {=IFERROR(INDEX('Värde nyttor'!$J:$X,$C27+1,COLUMNS($J:W))/INDEX(Input!$G$5:$AE$5,COLUMNS($J:W)),"")} -> 0 | X27: {=IFERROR(INDEX('Värde nyttor'!$J:$X,$C27+1,COLUMNS($J:X))/INDEX(Input!$G$5:$AE$5,COLUMNS($J:X)),"")} -> 0
A28: ="N"&TEXT(ROWS($A$2:A28),"00") -> N27 | D28: {=IFERROR(INDEX('Ej värderade'!$C:$C,ROWS($A$17:A28)+3),"")} -> 0 | E28: {=IFERROR(INDEX('Ej värderade'!$D:$D,ROWS($A$17:B28)+3),"")} -> 0 | F28: {=IFERROR(INDEX('Ej värderade'!$E:$E,ROWS($A$17:C28)+3),"")} -> 0 | G28: =IF($D28=0,"","Ej värderad") | H28: {=IFERROR(INDEX('Ej värderade'!$F:$F,ROWS($A$17:A28)+3),"")} -> 0 | I28: =IFERROR(_xlfn.XLOOKUP(H28,Input!#REF!,Input!#REF!),"") | J28: {=IFERROR(INDEX('Värde nyttor'!$J:$X,$C28+1,COLUMNS($J:J))/INDEX(Input!$G$5:$AE$5,COLUMNS($J:J)),"")} -> 0 | K28: {=IFERROR(INDEX('Värde nyttor'!$J:$X,$C28+1,COLUMNS($J:K))/INDEX(Input!$G$5:$AE$5,COLUMNS($J:K)),"")} -> 0 | L28: {=IFERROR(INDEX('Värde nyttor'!$J:$X,$C28+1,COLUMNS($J:L))/INDEX(Input!$G$5:$AE$5,COLUMNS($J:L)),"")} -> 0 | M28: {=IFERROR(INDEX('Värde nyttor'!$J:$X,$C28+1,COLUMNS($J:M))/INDEX(Input!$G$5:$AE$5,COLUMNS($J:M)),"")} -> 0 | N28: {=IFERROR(INDEX('Värde nyttor'!$J:$X,$C28+1,COLUMNS($J:N))/INDEX(Input!$G$5:$AE$5,COLUMNS($J:N)),"")} -> 0 | O28: {=IFERROR(INDEX('Värde nyttor'!$J:$X,$C28+1,COLUMNS($J:O))/INDEX(Input!$G$5:$AE$5,COLUMNS($J:O)),"")} -> 0 | P28: {=IFERROR(INDEX('Värde nyttor'!$J:$X,$C28+1,COLUMNS($J:P))/INDEX(Input!$G$5:$AE$5,COLUMNS($J:P)),"")} -> 0 | Q28: {=IFERROR(INDEX('Värde nyttor'!$J:$X,$C28+1,COLUMNS($J:Q))/INDEX(Input!$G$5:$AE$5,COLUMNS($J:Q)),"")} -> 0 | R28: {=IFERROR(INDEX('Värde nyttor'!$J:$X,$C28+1,COLUMNS($J:R))/INDEX(Input!$G$5:$AE$5,COLUMNS($J:R)),"")} -> 0 | S28: {=IFERROR(INDEX('Värde nyttor'!$J:$X,$C28+1,COLUMNS($J:S))/INDEX(Input!$G$5:$AE$5,COLUMNS($J:S)),"")} -> 0 | T28: {=IFERROR(INDEX('Värde nyttor'!$J:$X,$C28+1,COLUMNS($J:T))/INDEX(Input!$G$5:$AE$5,COLUMNS($J:T)),"")} -> 0 | U28: {=IFERROR(INDEX('Värde nyttor'!$J:$X,$C28+1,COLUMNS($J:U))/INDEX(Input!$G$5:$AE$5,COLUMNS($J:U)),"")} -> 0 | V28: {=IFERROR(INDEX('Värde nyttor'!$J:$X,$C28+1,COLUMNS($J:V))/INDEX(Input!$G$5:$AE$5,COLUMNS($J:V)),"")} -> 0 | W28: {=IFERROR(INDEX('Värde nyttor'!$J:$X,$C28+1,COLUMNS($J:W))/INDEX(Input!$G$5:$AE$5,COLUMNS($J:W)),"")} -> 0 | X28: {=IFERROR(INDEX('Värde nyttor'!$J:$X,$C28+1,COLUMNS($J:X))/INDEX(Input!$G$5:$AE$5,COLUMNS($J:X)),"")} -> 0
A29: ="N"&TEXT(ROWS($A$2:A29),"00") -> N28 | D29: {=IFERROR(INDEX('Ej värderade'!$C:$C,ROWS($A$17:A29)+3),"")} -> 0 | E29: {=IFERROR(INDEX('Ej värderade'!$D:$D,ROWS($A$17:B29)+3),"")} -> 0 | F29: {=IFERROR(INDEX('Ej värderade'!$E:$E,ROWS($A$17:C29)+3),"")} -> 0 | G29: =IF($D29=0,"","Ej värderad") | H29: {=IFERROR(INDEX('Ej värderade'!$F:$F,ROWS($A$17:A29)+3),"")} -> 0 | I29: =IFERROR(_xlfn.XLOOKUP(H29,Input!#REF!,Input!#REF!),"") | J29: {=IFERROR(INDEX('Värde nyttor'!$J:$X,$C29+1,COLUMNS($J:J))/INDEX(Input!$G$5:$AE$5,COLUMNS($J:J)),"")} -> 0 | K29: {=IFERROR(INDEX('Värde nyttor'!$J:$X,$C29+1,COLUMNS($J:K))/INDEX(Input!$G$5:$AE$5,COLUMNS($J:K)),"")} -> 0 | L29: {=IFERROR(INDEX('Värde nyttor'!$J:$X,$C29+1,COLUMNS($J:L))/INDEX(Input!$G$5:$AE$5,COLUMNS($J:L)),"")} -> 0 | M29: {=IFERROR(INDEX('Värde nyttor'!$J:$X,$C29+1,COLUMNS($J:M))/INDEX(Input!$G$5:$AE$5,COLUMNS($J:M)),"")} -> 0 | N29: {=IFERROR(INDEX('Värde nyttor'!$J:$X,$C29+1,COLUMNS($J:N))/INDEX(Input!$G$5:$AE$5,COLUMNS($J:N)),"")} -> 0 | O29: {=IFERROR(INDEX('Värde nyttor'!$J:$X,$C29+1,COLUMNS($J:O))/INDEX(Input!$G$5:$AE$5,COLUMNS($J:O)),"")} -> 0 | P29: {=IFERROR(INDEX('Värde nyttor'!$J:$X,$C29+1,COLUMNS($J:P))/INDEX(Input!$G$5:$AE$5,COLUMNS($J:P)),"")} -> 0 | Q29: {=IFERROR(INDEX('Värde nyttor'!$J:$X,$C29+1,COLUMNS($J:Q))/INDEX(Input!$G$5:$AE$5,COLUMNS($J:Q)),"")} -> 0 | R29: {=IFERROR(INDEX('Värde nyttor'!$J:$X,$C29+1,COLUMNS($J:R))/INDEX(Input!$G$5:$AE$5,COLUMNS($J:R)),"")} -> 0 | S29: {=IFERROR(INDEX('Värde nyttor'!$J:$X,$C29+1,COLUMNS($J:S))/INDEX(Input!$G$5:$AE$5,COLUMNS($J:S)),"")} -> 0 | T29: {=IFERROR(INDEX('Värde nyttor'!$J:$X,$C29+1,COLUMNS($J:T))/INDEX(Input!$G$5:$AE$5,COLUMNS($J:T)),"")} -> 0 | U29: {=IFERROR(INDEX('Värde nyttor'!$J:$X,$C29+1,COLUMNS($J:U))/INDEX(Input!$G$5:$AE$5,COLUMNS($J:U)),"")} -> 0 | V29: {=IFERROR(INDEX('Värde nyttor'!$J:$X,$C29+1,COLUMNS($J:V))/INDEX(Input!$G$5:$AE$5,COLUMNS($J:V)),"")} -> 0 | W29: {=IFERROR(INDEX('Värde nyttor'!$J:$X,$C29+1,COLUMNS($J:W))/INDEX(Input!$G$5:$AE$5,COLUMNS($J:W)),"")} -> 0 | X29: {=IFERROR(INDEX('Värde nyttor'!$J:$X,$C29+1,COLUMNS($J:X))/INDEX(Input!$G$5:$AE$5,COLUMNS($J:X)),"")} -> 0
A30: ="N"&TEXT(ROWS($A$2:A30),"00") -> N29 | D30: {=IFERROR(INDEX('Ej värderade'!$C:$C,ROWS($A$17:A30)+3),"")} -> 0 | E30: {=IFERROR(INDEX('Ej värderade'!$D:$D,ROWS($A$17:B30)+3),"")} -> 0 | F30: {=IFERROR(INDEX('Ej värderade'!$E:$E,ROWS($A$17:C30)+3),"")} -> 0 | G30: =IF($D30=0,"","Ej värderad") | H30: {=IFERROR(INDEX('Ej värderade'!$F:$F,ROWS($A$17:A30)+3),"")} -> 0 | I30: =IFERROR(_xlfn.XLOOKUP(H30,Input!#REF!,Input!#REF!),"") | J30: {=IFERROR(INDEX('Värde nyttor'!$J:$X,$C30+1,COLUMNS($J:J))/INDEX(Input!$G$5:$AE$5,COLUMNS($J:J)),"")} -> 0 | K30: {=IFERROR(INDEX('Värde nyttor'!$J:$X,$C30+1,COLUMNS($J:K))/INDEX(Input!$G$5:$AE$5,COLUMNS($J:K)),"")} -> 0 | L30: {=IFERROR(INDEX('Värde nyttor'!$J:$X,$C30+1,COLUMNS($J:L))/INDEX(Input!$G$5:$AE$5,COLUMNS($J:L)),"")} -> 0 | M30: {=IFERROR(INDEX('Värde nyttor'!$J:$X,$C30+1,COLUMNS($J:M))/INDEX(Input!$G$5:$AE$5,COLUMNS($J:M)),"")} -> 0 | N30: {=IFERROR(INDEX('Värde nyttor'!$J:$X,$C30+1,COLUMNS($J:N))/INDEX(Input!$G$5:$AE$5,COLUMNS($J:N)),"")} -> 0 | O30: {=IFERROR(INDEX('Värde nyttor'!$J:$X,$C30+1,COLUMNS($J:O))/INDEX(Input!$G$5:$AE$5,COLUMNS($J:O)),"")} -> 0 | P30: {=IFERROR(INDEX('Värde nyttor'!$J:$X,$C30+1,COLUMNS($J:P))/INDEX(Input!$G$5:$AE$5,COLUMNS($J:P)),"")} -> 0 | Q30: {=IFERROR(INDEX('Värde nyttor'!$J:$X,$C30+1,COLUMNS($J:Q))/INDEX(Input!$G$5:$AE$5,COLUMNS($J:Q)),"")} -> 0 | R30: {=IFERROR(INDEX('Värde nyttor'!$J:$X,$C30+1,COLUMNS($J:R))/INDEX(Input!$G$5:$AE$5,COLUMNS($J:R)),"")} -> 0 | S30: {=IFERROR(INDEX('Värde nyttor'!$J:$X,$C30+1,COLUMNS($J:S))/INDEX(Input!$G$5:$AE$5,COLUMNS($J:S)),"")} -> 0 | T30: {=IFERROR(INDEX('Värde nyttor'!$J:$X,$C30+1,COLUMNS($J:T))/INDEX(Input!$G$5:$AE$5,COLUMNS($J:T)),"")} -> 0 | U30: {=IFERROR(INDEX('Värde nyttor'!$J:$X,$C30+1,COLUMNS($J:U))/INDEX(Input!$G$5:$AE$5,COLUMNS($J:U)),"")} -> 0 | V30: {=IFERROR(INDEX('Värde nyttor'!$J:$X,$C30+1,COLUMNS($J:V))/INDEX(Input!$G$5:$AE$5,COLUMNS($J:V)),"")} -> 0 | W30: {=IFERROR(INDEX('Värde nyttor'!$J:$X,$C30+1,COLUMNS($J:W))/INDEX(Input!$G$5:$AE$5,COLUMNS($J:W)),"")} -> 0 | X30: {=IFERROR(INDEX('Värde nyttor'!$J:$X,$C30+1,COLUMNS($J:X))/INDEX(Input!$G$5:$AE$5,COLUMNS($J:X)),"")} -> 0
A31: ="N"&TEXT(ROWS($A$2:A31),"00") -> N30 | D31: {=IFERROR(INDEX('Ej värderade'!$C:$C,ROWS($A$17:A31)+3),"")} -> 0 | E31: {=IFERROR(INDEX('Ej värderade'!$D:$D,ROWS($A$17:B31)+3),"")} -> 0 | F31: {=IFERROR(INDEX('Ej värderade'!$E:$E,ROWS($A$17:C31)+3),"")} -> 0 | G31: =IF($D31=0,"","Ej värderad") | H31: {=IFERROR(INDEX('Ej värderade'!$F:$F,ROWS($A$17:A31)+3),"")} -> 0 | I31: =IFERROR(_xlfn.XLOOKUP(H31,Input!#REF!,Input!#REF!),"") | J31: {=IFERROR(INDEX('Värde nyttor'!$J:$X,$C31+1,COLUMNS($J:J))/INDEX(Input!$G$5:$AE$5,COLUMNS($J:J)),"")} -> 0 | K31: {=IFERROR(INDEX('Värde nyttor'!$J:$X,$C31+1,COLUMNS($J:K))/INDEX(Input!$G$5:$AE$5,COLUMNS($J:K)),"")} -> 0 | L31: {=IFERROR(INDEX('Värde nyttor'!$J:$X,$C31+1,COLUMNS($J:L))/INDEX(Input!$G$5:$AE$5,COLUMNS($J:L)),"")} -> 0 | M31: {=IFERROR(INDEX('Värde nyttor'!$J:$X,$C31+1,COLUMNS($J:M))/INDEX(Input!$G$5:$AE$5,COLUMNS($J:M)),"")} -> 0 | N31: {=IFERROR(INDEX('Värde nyttor'!$J:$X,$C31+1,COLUMNS($J:N))/INDEX(Input!$G$5:$AE$5,COLUMNS($J:N)),"")} -> 0 | O31: {=IFERROR(INDEX('Värde nyttor'!$J:$X,$C31+1,COLUMNS($J:O))/INDEX(Input!$G$5:$AE$5,COLUMNS($J:O)),"")} -> 0 | P31: {=IFERROR(INDEX('Värde nyttor'!$J:$X,$C31+1,COLUMNS($J:P))/INDEX(Input!$G$5:$AE$5,COLUMNS($J:P)),"")} -> 0 | Q31: {=IFERROR(INDEX('Värde nyttor'!$J:$X,$C31+1,COLUMNS($J:Q))/INDEX(Input!$G$5:$AE$5,COLUMNS($J:Q)),"")} -> 0 | R31: {=IFERROR(INDEX('Värde nyttor'!$J:$X,$C31+1,COLUMNS($J:R))/INDEX(Input!$G$5:$AE$5,COLUMNS($J:R)),"")} -> 0 | S31: {=IFERROR(INDEX('Värde nyttor'!$J:$X,$C31+1,COLUMNS($J:S))/INDEX(Input!$G$5:$AE$5,COLUMNS($J:S)),"")} -> 0 | T31: {=IFERROR(INDEX('Värde nyttor'!$J:$X,$C31+1,COLUMNS($J:T))/INDEX(Input!$G$5:$AE$5,COLUMNS($J:T)),"")} -> 0 | U31: {=IFERROR(INDEX('Värde nyttor'!$J:$X,$C31+1,COLUMNS($J:U))/INDEX(Input!$G$5:$AE$5,COLUMNS($J:U)),"")} -> 0 | V31: {=IFERROR(INDEX('Värde nyttor'!$J:$X,$C31+1,COLUMNS($J:V))/INDEX(Input!$G$5:$AE$5,COLUMNS($J:V)),"")} -> 0 | W31: {=IFERROR(INDEX('Värde nyttor'!$J:$X,$C31+1,COLUMNS($J:W))/INDEX(Input!$G$5:$AE$5,COLUMNS($J:W)),"")} -> 0 | X31: {=IFERROR(INDEX('Värde nyttor'!$J:$X,$C31+1,COLUMNS($J:X))/INDEX(Input!$G$5:$AE$5,COLUMNS($J:X)),"")} -> 0
J32: {=IFERROR(INDEX(#REF!,INDEX(_xlfn.ANCHORARRAY(#REF!),ROWS($J$2:J32))+1,COLUMNS($J:J))*INDEX(Resultatunderlag!$C$17:$C$21,COLUMNS($J:J)),"")}
J33: {=IFERROR(INDEX(#REF!,INDEX(_xlfn.ANCHORARRAY(#REF!),ROWS($J$2:J33))+1,COLUMNS($J:J))*INDEX(Resultatunderlag!$C$17:$C$21,COLUMNS($J:J)),"")}
J34: {=IFERROR(INDEX(#REF!,INDEX(_xlfn.ANCHORARRAY(#REF!),ROWS($J$2:J34))+1,COLUMNS($J:J))*INDEX(Resultatunderlag!$C$17:$C$21,COLUMNS($J:J)),"")}
J35: {=IFERROR(INDEX(#REF!,INDEX(_xlfn.ANCHORARRAY(#REF!),ROWS($J$2:J35))+1,COLUMNS($J:J))*INDEX(Resultatunderlag!$C$17:$C$21,COLUMNS($J:J)),"")}
J36: {=IFERROR(INDEX(#REF!,INDEX(_xlfn.ANCHORARRAY(#REF!),ROWS($J$2:J36))+1,COLUMNS($J:J))*INDEX(Resultatunderlag!$C$17:$C$21,COLUMNS($J:J)),"")}
J37: {=IFERROR(INDEX(#REF!,INDEX(_xlfn.ANCHORARRAY(#REF!),ROWS($J$2:J37))+1,COLUMNS($J:J))*INDEX(Resultatunderlag!$C$17:$C$21,COLUMNS($J:J)),"")}
J38: {=IFERROR(INDEX(#REF!,INDEX(_xlfn.ANCHORARRAY(#REF!),ROWS($J$2:J38))+1,COLUMNS($J:J))*INDEX(Resultatunderlag!$C$17:$C$21,COLUMNS($J:J)),"")}
J39: {=IFERROR(INDEX(#REF!,INDEX(_xlfn.ANCHORARRAY(#REF!),ROWS($J$2:J39))+1,COLUMNS($J:J))*INDEX(Resultatunderlag!$C$17:$C$21,COLUMNS($J:J)),"")}
J40: {=IFERROR(INDEX(#REF!,INDEX(_xlfn.ANCHORARRAY(#REF!),ROWS($J$2:J40))+1,COLUMNS($J:J))*INDEX(Resultatunderlag!$C$17:$C$21,COLUMNS($J:J)),"")}
J41: {=IFERROR(INDEX(#REF!,INDEX(_xlfn.ANCHORARRAY(#REF!),ROWS($J$2:J41))+1,COLUMNS($J:J))*INDEX(Resultatunderlag!$C$17:$C$21,COLUMNS($J:J)),"")}
J42: {=IFERROR(INDEX(#REF!,INDEX(_xlfn.ANCHORARRAY(#REF!),ROWS($J$2:J42))+1,COLUMNS($J:J))*INDEX(Resultatunderlag!$C$17:$C$21,COLUMNS($J:J)),"")}
J43: {=IFERROR(INDEX(#REF!,INDEX(_xlfn.ANCHORARRAY(#REF!),ROWS($J$2:J43))+1,COLUMNS($J:J))*INDEX(Resultatunderlag!$C$17:$C$21,COLUMNS($J:J)),"")}
... J108: {=IFERROR(INDEX(#REF!,INDEX(_xlfn.ANCHORARRAY(#REF!),ROWS($J$2:J108))+1,COLUMNS($J:J))*INDEX(Resultatunderlag!$C$17:$C$21,COLUMNS($J:J)),"")}

Sheet AK
A1: KID | B1: Rad KID uppe | C1: Rad KID nere | D1: Kostnad | E1: Intressent | F1: Kategori | G1: Värdering | H1: Bedömning | I1: Bedömning siffra | J1: Troligt år 1 | K1: Troligt år 2 | L1: Troligt år 3 | M1: Troligt år 4 | N1: Troligt år 5 | O1: Troligt år 6 | P1: Troligt år 7 | Q1: Troligt år 8 | R1: Troligt år 9 | S1: Troligt år 10 | T1: Troligt år 11 | U1: Troligt år 12 | V1: Troligt år 13 | W1: Troligt år 14 | X1: Troligt år 15 | Y1: Summa | Z1: Min år 1 | AA1: Min år 2 | AB1: Min år 3 | AC1: Min år 4 | AD1: Min år 5 | AE1: Min år 6 | AF1: Min år 7 | AG1: Min år 8 | AH1: Min år 9 | AI1: Min år 10 | AJ1: Min år 11 | AK1: Min år 12 | AL1: Min år 13 | AM1: Min år 14 | AN1: Min år 15 | AO1: Summa min | AP1: Max år 1 | AQ1: Max år 2 | AR1: Max år 3 | AS1: Max år 4 | AT1: Max år 5 | AU1: Max år 6 | AV1: Max år 7 | AW1: Max år 8 | AX1: Max år 9 | AY1: Max år 10 | AZ1: Max år 11 | BA1: Max år 12 | BB1: Max år 13 | BC1: Max år 14 | BD1: Max år 15 | BE1: Summa max
A2: ="K"&TEXT(ROWS($A$2:A2),"00") -> K01 | B2: =IFERROR(_xlfn.XMATCH($A2,'Värde kostnader'!$B:$B,0),"") -> 12 | C2: =IFERROR(_xlfn.XMATCH($A2,'Värde kostnader'!$I:$I,0),"") -> 23 | D2: {=IFERROR(INDEX('Värde kostnader'!$C:$C,$B2),"")} -> 0 | E2: {=IFERROR(INDEX('Värde kostnader'!$C:$C,$B2+1),"")} -> 0 | F2: {=IFERROR(INDEX('Värde kostnader'!$C:$C,$B2+2),"")} -> 0 | G2: =IF($D2=0,"","Värderad") | J2: {=IFERROR(INDEX('Värde kostnader'!$J:$X,$C2+1,COLUMNS($J:J))/INDEX(Input!$G$5:$AE$5,COLUMNS($J:J)),"")} -> 0 | K2: {=IFERROR(INDEX('Värde kostnader'!$J:$X,$C2+1,COLUMNS($J:K))/INDEX(Input!$G$5:$AE$5,COLUMNS($J:K)),"")} -> 0 | L2: {=IFERROR(INDEX('Värde kostnader'!$J:$X,$C2+1,COLUMNS($J:L))/INDEX(Input!$G$5:$AE$5,COLUMNS($J:L)),"")} -> 0 | M2: {=IFERROR(INDEX('Värde kostnader'!$J:$X,$C2+1,COLUMNS($J:M))/INDEX(Input!$G$5:$AE$5,COLUMNS($J:M)),"")} -> 0 | N2: {=IFERROR(INDEX('Värde kostnader'!$J:$X,$C2+1,COLUMNS($J:N))/INDEX(Input!$G$5:$AE$5,COLUMNS($J:N)),"")} -> 0 | O2: {=IFERROR(INDEX('Värde kostnader'!$J:$X,$C2+1,COLUMNS($J:O))/INDEX(Input!$G$5:$AE$5,COLUMNS($J:O)),"")} -> 0 | P2: {=IFERROR(INDEX('Värde kostnader'!$J:$X,$C2+1,COLUMNS($J:P))/INDEX(Input!$G$5:$AE$5,COLUMNS($J:P)),"")} -> 0 | Q2: {=IFERROR(INDEX('Värde kostnader'!$J:$X,$C2+1,COLUMNS($J:Q))/INDEX(Input!$G$5:$AE$5,COLUMNS($J:Q)),"")} -> 0 | R2: {=IFERROR(INDEX('Värde kostnader'!$J:$X,$C2+1,COLUMNS($J:R))/INDEX(Input!$G$5:$AE$5,COLUMNS($J:R)),"")} -> 0 | S2: {=IFERROR(INDEX('Värde kostnader'!$J:$X,$C2+1,COLUMNS($J:S))/INDEX(Input!$G$5:$AE$5,COLUMNS($J:S)),"")} -> 0 | T2: {=IFERROR(INDEX('Värde kostnader'!$J:$X,$C2+1,COLUMNS($J:T))/INDEX(Input!$G$5:$AE$5,COLUMNS($J:T)),"")} -> 0 | U2: {=IFERROR(INDEX('Värde kostnader'!$J:$X,$C2+1,COLUMNS($J:U))/INDEX(Input!$G$5:$AE$5,COLUMNS($J:U)),"")} -> 0 | V2: {=IFERROR(INDEX('Värde kostnader'!$J:$X,$C2+1,COLUMNS($J:V))/INDEX(Input!$G$5:$AE$5,COLUMNS($J:V)),"")} -> 0 | W2: {=IFERROR(INDEX('Värde kostnader'!$J:$X,$C2+1,COLUMNS($J:W))/INDEX(Input!$G$5:$AE$5,COLUMNS($J:W)),"")} -> 0 | X2: {=IFERROR(INDEX('Värde kostnader'!$J:$X,$C2+1,COLUMNS($J:X))/INDEX(Input!$G$5:$AE$5,COLUMNS($J:X)),"")} -> 0 | Y2: =SUM(J2:X2) -> 0 | Z2: {=IFERROR(INDEX('Värde kostnader'!$J:$X,$C2+2,COLUMNS($J:J))/INDEX(Input!$G$5:$AE$5,COLUMNS($J:J)),"")} -> 0 | AA2: {=IFERROR(INDEX('Värde kostnader'!$J:$X,$C2+2,COLUMNS($J:K))/INDEX(Input!$G$5:$AE$5,COLUMNS($J:K)),"")} -> 0 | AB2: {=IFERROR(INDEX('Värde kostnader'!$J:$X,$C2+2,COLUMNS($J:L))/INDEX(Input!$G$5:$AE$5,COLUMNS($J:L)),"")} -> 0 | AC2: {=IFERROR(INDEX('Värde kostnader'!$J:$X,$C2+2,COLUMNS($J:M))/INDEX(Input!$G$5:$AE$5,COLUMNS($J:M)),"")} -> 0 | AD2: {=IFERROR(INDEX('Värde kostnader'!$J:$X,$C2+2,COLUMNS($J:N))/INDEX(Input!$G$5:$AE$5,COLUMNS($J:N)),"")} -> 0 | AE2: {=IFERROR(INDEX('Värde kostnader'!$J:$X,$C2+2,COLUMNS($J:O))/INDEX(Input!$G$5:$AE$5,COLUMNS($J:O)),"")} -> 0 | AF2: {=IFERROR(INDEX('Värde kostnader'!$J:$X,$C2+2,COLUMNS($J:P))/INDEX(Input!$G$5:$AE$5,COLUMNS($J:P)),"")} -> 0 | AG2: {=IFERROR(INDEX('Värde kostnader'!$J:$X,$C2+2,COLUMNS($J:Q))/INDEX(Input!$G$5:$AE$5,COLUMNS($J:Q)),"")} -> 0 | AH2: {=IFERROR(INDEX('Värde kostnader'!$J:$X,$C2+2,COLUMNS($J:R))/INDEX(Input!$G$5:$AE$5,COLUMNS($J:R)),"")} -> 0 | AI2: {=IFERROR(INDEX('Värde kostnader'!$J:$X,$C2+2,COLUMNS($J:S))/INDEX(Input!$G$5:$AE$5,COLUMNS($J:S)),"")} -> 0 | AJ2: {=IFERROR(INDEX('Värde kostnader'!$J:$X,$C2+2,COLUMNS($J:T))/INDEX(Input!$G$5:$AE$5,COLUMNS($J:T)),"")} -> 0 | AK2: {=IFERROR(INDEX('Värde kostnader'!$J:$X,$C2+2,COLUMNS($J:U))/INDEX(Input!$G$5:$AE$5,COLUMNS($J:U)),"")} -> 0 | AL2: {=IFERROR(INDEX('Värde kostnader'!$J:$X,$C2+2,COLUMNS($J:V))/INDEX(Input!$G$5:$AE$5,COLUMNS($J:V)),"")} -> 0 | AM2: {=IFERROR(INDEX('Värde kostnader'!$J:$X,$C2+2,COLUMNS($J:W))/INDEX(Input!$G$5:$AE$5,COLUMNS($J:W)),"")} -> 0 | AN2: {=IFERROR(INDEX('Värde kostnader'!$J:$X,$C2+2,COLUMNS($J:X))/INDEX(Input!$G$5:$AE$5,COLUMNS($J:X)),"")} -> 0 | AO2: =SUM(Z2:AN2) -> 0 | AP2: {=IFERROR(INDEX('Värde kostnader'!$J:$X,$C2+3,COLUMNS($J:J))/INDEX(Input!$G$5:$AE$5,COLUMNS($J:J)),"")} -> 0 | AQ2: {=IFERROR(INDEX('Värde kostnader'!$J:$X,$C2+3,COLUMNS($J:K))/INDEX(Input!$G$5:$AE$5,COLUMNS($J:K)),"")} -> 0 | AR2: {=IFERROR(INDEX('Värde kostnader'!$J:$X,$C2+3,COLUMNS($J:L))/INDEX(Input!$G$5:$AE$5,COLUMNS($J:L)),"")} -> 0 | AS2: {=IFERROR(INDEX('Värde kostnader'!$J:$X,$C2+3,COLUMNS($J:M))/INDEX(Input!$G$5:$AE$5,COLUMNS($J:M)),"")} -> 0 | AT2: {=IFERROR(INDEX('Värde kostnader'!$J:$X,$C2+3,COLUMNS($J:N))/INDEX(Input!$G$5:$AE$5,COLUMNS($J:N)),"")} -> 0 | AU2: {=IFERROR(INDEX('Värde kostnader'!$J:$X,$C2+3,COLUMNS($J:O))/INDEX(Input!$G$5:$AE$5,COLUMNS($J:O)),"")} -> 0 | AV2: {=IFERROR(INDEX('Värde kostnader'!$J:$X,$C2+3,COLUMNS($J:P))/INDEX(Input!$G$5:$AE$5,COLUMNS($J:P)),"")} -> 0 | AW2: {=IFERROR(INDEX('Värde kostnader'!$J:$X,$C2+3,COLUMNS($J:Q))/INDEX(Input!$G$5:$AE$5,COLUMNS($J:Q)),"")} -> 0 | AX2: {=IFERROR(INDEX('Värde kostnader'!$J:$X,$C2+3,COLUMNS($J:R))/INDEX(Input!$G$5:$AE$5,COLUMNS($J:R)),"")} -> 0 | AY2: {=IFERROR(INDEX('Värde kostnader'!$J:$X,$C2+3,COLUMNS($J:S))/INDEX(Input!$G$5:$AE$5,COLUMNS($J:S)),"")} -> 0 | AZ2: {=IFERROR(INDEX('Värde kostnader'!$J:$X,$C2+3,COLUMNS($J:T))/INDEX(Input!$G$5:$AE$5,COLUMNS($J:T)),"")} -> 0 | BA2: {=IFERROR(INDEX('Värde kostnader'!$J:$X,$C2+3,COLUMNS($J:U))/INDEX(Input!$G$5:$AE$5,COLUMNS($J:U)),"")} -> 0 | BB2: {=IFERROR(INDEX('Värde kostnader'!$J:$X,$C2+3,COLUMNS($J:V))/INDEX(Input!$G$5:$AE$5,COLUMNS($J:V)),"")} -> 0 | BC2: {=IFERROR(INDEX('Värde kostnader'!$J:$X,$C2+3,COLUMNS($J:W))/INDEX(Input!$G$5:$AE$5,COLUMNS($J:W)),"")} -> 0 | BD2: {=IFERROR(INDEX('Värde kostnader'!$J:$X,$C2+3,COLUMNS($J:X))/INDEX(Input!$G$5:$AE$5,COLUMNS($J:X)),"")} -> 0 | BE2: =SUM(AP2:BD2) -> 0
A3: ="K"&TEXT(ROWS($A$2:A3),"00") -> K02 | B3: =IFERROR(_xlfn.XMATCH($A3,'Värde kostnader'!$B:$B,0),"") -> 31 | C3: =IFERROR(_xlfn.XMATCH($A3,'Värde kostnader'!$I:$I,0),"") -> 42 | D3: {=IFERROR(INDEX('Värde kostnader'!$C:$C,$B3),"")} -> 0 | E3: {=IFERROR(INDEX('Värde kostnader'!$C:$C,$B3+1),"")} -> 0 | F3: {=IFERROR(INDEX('Värde kostnader'!$C:$C,$B3+2),"")} -> 0 | G3: =IF($D3=0,"","Värderad") | J3: {=IFERROR(INDEX('Värde kostnader'!$J:$X,$C3+1,COLUMNS($J:J))/INDEX(Input!$G$5:$AE$5,COLUMNS($J:J)),"")} -> 0 | K3: {=IFERROR(INDEX('Värde kostnader'!$J:$X,$C3+1,COLUMNS($J:K))/INDEX(Input!$G$5:$AE$5,COLUMNS($J:K)),"")} -> 0 | L3: {=IFERROR(INDEX('Värde kostnader'!$J:$X,$C3+1,COLUMNS($J:L))/INDEX(Input!$G$5:$AE$5,COLUMNS($J:L)),"")} -> 0 | M3: {=IFERROR(INDEX('Värde kostnader'!$J:$X,$C3+1,COLUMNS($J:M))/INDEX(Input!$G$5:$AE$5,COLUMNS($J:M)),"")} -> 0 | N3: {=IFERROR(INDEX('Värde kostnader'!$J:$X,$C3+1,COLUMNS($J:N))/INDEX(Input!$G$5:$AE$5,COLUMNS($J:N)),"")} -> 0 | O3: {=IFERROR(INDEX('Värde kostnader'!$J:$X,$C3+1,COLUMNS($J:O))/INDEX(Input!$G$5:$AE$5,COLUMNS($J:O)),"")} -> 0 | P3: {=IFERROR(INDEX('Värde kostnader'!$J:$X,$C3+1,COLUMNS($J:P))/INDEX(Input!$G$5:$AE$5,COLUMNS($J:P)),"")} -> 0 | Q3: {=IFERROR(INDEX('Värde kostnader'!$J:$X,$C3+1,COLUMNS($J:Q))/INDEX(Input!$G$5:$AE$5,COLUMNS($J:Q)),"")} -> 0 | R3: {=IFERROR(INDEX('Värde kostnader'!$J:$X,$C3+1,COLUMNS($J:R))/INDEX(Input!$G$5:$AE$5,COLUMNS($J:R)),"")} -> 0 | S3: {=IFERROR(INDEX('Värde kostnader'!$J:$X,$C3+1,COLUMNS($J:S))/INDEX(Input!$G$5:$AE$5,COLUMNS($J:S)),"")} -> 0 | T3: {=IFERROR(INDEX('Värde kostnader'!$J:$X,$C3+1,COLUMNS($J:T))/INDEX(Input!$G$5:$AE$5,COLUMNS($J:T)),"")} -> 0 | U3: {=IFERROR(INDEX('Värde kostnader'!$J:$X,$C3+1,COLUMNS($J:U))/INDEX(Input!$G$5:$AE$5,COLUMNS($J:U)),"")} -> 0 | V3: {=IFERROR(INDEX('Värde kostnader'!$J:$X,$C3+1,COLUMNS($J:V))/INDEX(Input!$G$5:$AE$5,COLUMNS($J:V)),"")} -> 0 | W3: {=IFERROR(INDEX('Värde kostnader'!$J:$X,$C3+1,COLUMNS($J:W))/INDEX(Input!$G$5:$AE$5,COLUMNS($J:W)),"")} -> 0 | X3: {=IFERROR(INDEX('Värde kostnader'!$J:$X,$C3+1,COLUMNS($J:X))/INDEX(Input!$G$5:$AE$5,COLUMNS($J:X)),"")} -> 0 | Y3: =SUM(J3:X3) -> 0 | Z3: {=IFERROR(INDEX('Värde kostnader'!$J:$X,$C3+2,COLUMNS($J:J))/INDEX(Input!$G$5:$AE$5,COLUMNS($J:J)),"")} -> 0 | AA3: {=IFERROR(INDEX('Värde kostnader'!$J:$X,$C3+2,COLUMNS($J:K))/INDEX(Input!$G$5:$AE$5,COLUMNS($J:K)),"")} -> 0 | AB3: {=IFERROR(INDEX('Värde kostnader'!$J:$X,$C3+2,COLUMNS($J:L))/INDEX(Input!$G$5:$AE$5,COLUMNS($J:L)),"")} -> 0 | AC3: {=IFERROR(INDEX('Värde kostnader'!$J:$X,$C3+2,COLUMNS($J:M))/INDEX(Input!$G$5:$AE$5,COLUMNS($J:M)),"")} -> 0 | AD3: {=IFERROR(INDEX('Värde kostnader'!$J:$X,$C3+2,COLUMNS($J:N))/INDEX(Input!$G$5:$AE$5,COLUMNS($J:N)),"")} -> 0 | AE3: {=IFERROR(INDEX('Värde kostnader'!$J:$X,$C3+2,COLUMNS($J:O))/INDEX(Input!$G$5:$AE$5,COLUMNS($J:O)),"")} -> 0 | AF3: {=IFERROR(INDEX('Värde kostnader'!$J:$X,$C3+2,COLUMNS($J:P))/INDEX(Input!$G$5:$AE$5,COLUMNS($J:P)),"")} -> 0 | AG3: {=IFERROR(INDEX('Värde kostnader'!$J:$X,$C3+2,COLUMNS($J:Q))/INDEX(Input!$G$5:$AE$5,COLUMNS($J:Q)),"")} -> 0 | AH3: {=IFERROR(INDEX('Värde kostnader'!$J:$X,$C3+2,COLUMNS($J:R))/INDEX(Input!$G$5:$AE$5,COLUMNS($J:R)),"")} -> 0 | AI3: {=IFERROR(INDEX('Värde kostnader'!$J:$X,$C3+2,COLUMNS($J:S))/INDEX(Input!$G$5:$AE$5,COLUMNS($J:S)),"")} -> 0 | AJ3: {=IFERROR(INDEX('Värde kostnader'!$J:$X,$C3+2,COLUMNS($J:T))/INDEX(Input!$G$5:$AE$5,COLUMNS($J:T)),"")} -> 0 | AK3: {=IFERROR(INDEX('Värde kostnader'!$J:$X,$C3+2,COLUMNS($J:U))/INDEX(Input!$G$5:$AE$5,COLUMNS($J:U)),"")} -> 0 | AL3: {=IFERROR(INDEX('Värde kostnader'!$J:$X,$C3+2,COLUMNS($J:V))/INDEX(Input!$G$5:$AE$5,COLUMNS($J:V)),"")} -> 0 | AM3: {=IFERROR(INDEX('Värde kostnader'!$J:$X,$C3+2,COLUMNS($J:W))/INDEX(Input!$G$5:$AE$5,COLUMNS($J:W)),"")} -> 0 | AN3: {=IFERROR(INDEX('Värde kostnader'!$J:$X,$C3+2,COLUMNS($J:X))/INDEX(Input!$G$5:$AE$5,COLUMNS($J:X)),"")} -> 0 | AO3: =SUM(Z3:AN3) -> 0 | AP3: {=IFERROR(INDEX('Värde kostnader'!$J:$X,$C3+3,COLUMNS($J:J))/INDEX(Input!$G$5:$AE$5,COLUMNS($J:J)),"")} -> 0 | AQ3: {=IFERROR(INDEX('Värde kostnader'!$J:$X,$C3+3,COLUMNS($J:K))/INDEX(Input!$G$5:$AE$5,COLUMNS($J:K)),"")} -> 0 | AR3: {=IFERROR(INDEX('Värde kostnader'!$J:$X,$C3+3,COLUMNS($J:L))/INDEX(Input!$G$5:$AE$5,COLUMNS($J:L)),"")} -> 0 | AS3: {=IFERROR(INDEX('Värde kostnader'!$J:$X,$C3+3,COLUMNS($J:M))/INDEX(Input!$G$5:$AE$5,COLUMNS($J:M)),"")} -> 0 | AT3: {=IFERROR(INDEX('Värde kostnader'!$J:$X,$C3+3,COLUMNS($J:N))/INDEX(Input!$G$5:$AE$5,COLUMNS($J:N)),"")} -> 0 | AU3: {=IFERROR(INDEX('Värde kostnader'!$J:$X,$C3+3,COLUMNS($J:O))/INDEX(Input!$G$5:$AE$5,COLUMNS($J:O)),"")} -> 0 | AV3: {=IFERROR(INDEX('Värde kostnader'!$J:$X,$C3+3,COLUMNS($J:P))/INDEX(Input!$G$5:$AE$5,COLUMNS($J:P)),"")} -> 0 | AW3: {=IFERROR(INDEX('Värde kostnader'!$J:$X,$C3+3,COLUMNS($J:Q))/INDEX(Input!$G$5:$AE$5,COLUMNS($J:Q)),"")} -> 0 | AX3: {=IFERROR(INDEX('Värde kostnader'!$J:$X,$C3+3,COLUMNS($J:R))/INDEX(Input!$G$5:$AE$5,COLUMNS($J:R)),"")} -> 0 | AY3: {=IFERROR(INDEX('Värde kostnader'!$J:$X,$C3+3,COLUMNS($J:S))/INDEX(Input!$G$5:$AE$5,COLUMNS($J:S)),"")} -> 0 | AZ3: {=IFERROR(INDEX('Värde kostnader'!$J:$X,$C3+3,COLUMNS($J:T))/INDEX(Input!$G$5:$AE$5,COLUMNS($J:T)),"")} -> 0 | BA3: {=IFERROR(INDEX('Värde kostnader'!$J:$X,$C3+3,COLUMNS($J:U))/INDEX(Input!$G$5:$AE$5,COLUMNS($J:U)),"")} -> 0 | BB3: {=IFERROR(INDEX('Värde kostnader'!$J:$X,$C3+3,COLUMNS($J:V))/INDEX(Input!$G$5:$AE$5,COLUMNS($J:V)),"")} -> 0 | BC3: {=IFERROR(INDEX('Värde kostnader'!$J:$X,$C3+3,COLUMNS($J:W))/INDEX(Input!$G$5:$AE$5,COLUMNS($J:W)),"")} -> 0 | BD3: {=IFERROR(INDEX('Värde kostnader'!$J:$X,$C3+3,COLUMNS($J:X))/INDEX(Input!$G$5:$AE$5,COLUMNS($J:X)),"")} -> 0 | BE3: =SUM(AP3:BD3) -> 0
A4: ="K"&TEXT(ROWS($A$2:A4),"00") -> K03 | B4: =IFERROR(_xlfn.XMATCH($A4,'Värde kostnader'!$B:$B,0),"") -> 50 | C4: =IFERROR(_xlfn.XMATCH($A4,'Värde kostnader'!$I:$I,0),"") -> 61 | D4: {=IFERROR(INDEX('Värde kostnader'!$C:$C,$B4),"")} -> 0 | E4: {=IFERROR(INDEX('Värde kostnader'!$C:$C,$B4+1),"")} -> 0 | F4: {=IFERROR(INDEX('Värde kostnader'!$C:$C,$B4+2),"")} -> 0 | G4: =IF($D4=0,"","Värderad") | J4: {=IFERROR(INDEX('Värde kostnader'!$J:$X,$C4+1,COLUMNS($J:J))/INDEX(Input!$G$5:$AE$5,COLUMNS($J:J)),"")} -> 0 | K4: {=IFERROR(INDEX('Värde kostnader'!$J:$X,$C4+1,COLUMNS($J:K))/INDEX(Input!$G$5:$AE$5,COLUMNS($J:K)),"")} -> 0 | L4: {=IFERROR(INDEX('Värde kostnader'!$J:$X,$C4+1,COLUMNS($J:L))/INDEX(Input!$G$5:$AE$5,COLUMNS($J:L)),"")} -> 0 | M4: {=IFERROR(INDEX('Värde kostnader'!$J:$X,$C4+1,COLUMNS($J:M))/INDEX(Input!$G$5:$AE$5,COLUMNS($J:M)),"")} -> 0 | N4: {=IFERROR(INDEX('Värde kostnader'!$J:$X,$C4+1,COLUMNS($J:N))/INDEX(Input!$G$5:$AE$5,COLUMNS($J:N)),"")} -> 0 | O4: {=IFERROR(INDEX('Värde kostnader'!$J:$X,$C4+1,COLUMNS($J:O))/INDEX(Input!$G$5:$AE$5,COLUMNS($J:O)),"")} -> 0 | P4: {=IFERROR(INDEX('Värde kostnader'!$J:$X,$C4+1,COLUMNS($J:P))/INDEX(Input!$G$5:$AE$5,COLUMNS($J:P)),"")} -> 0 | Q4: {=IFERROR(INDEX('Värde kostnader'!$J:$X,$C4+1,COLUMNS($J:Q))/INDEX(Input!$G$5:$AE$5,COLUMNS($J:Q)),"")} -> 0 | R4: {=IFERROR(INDEX('Värde kostnader'!$J:$X,$C4+1,COLUMNS($J:R))/INDEX(Input!$G$5:$AE$5,COLUMNS($J:R)),"")} -> 0 | S4: {=IFERROR(INDEX('Värde kostnader'!$J:$X,$C4+1,COLUMNS($J:S))/INDEX(Input!$G$5:$AE$5,COLUMNS($J:S)),"")} -> 0 | T4: {=IFERROR(INDEX('Värde kostnader'!$J:$X,$C4+1,COLUMNS($J:T))/INDEX(Input!$G$5:$AE$5,COLUMNS($J:T)),"")} -> 0 | U4: {=IFERROR(INDEX('Värde kostnader'!$J:$X,$C4+1,COLUMNS($J:U))/INDEX(Input!$G$5:$AE$5,COLUMNS($J:U)),"")} -> 0 | V4: {=IFERROR(INDEX('Värde kostnader'!$J:$X,$C4+1,COLUMNS($J:V))/INDEX(Input!$G$5:$AE$5,COLUMNS($J:V)),"")} -> 0 | W4: {=IFERROR(INDEX('Värde kostnader'!$J:$X,$C4+1,COLUMNS($J:W))/INDEX(Input!$G$5:$AE$5,COLUMNS($J:W)),"")} -> 0 | X4: {=IFERROR(INDEX('Värde kostnader'!$J:$X,$C4+1,COLUMNS($J:X))/INDEX(Input!$G$5:$AE$5,COLUMNS($J:X)),"")} -> 0 | Y4: =SUM(J4:X4) -> 0 | Z4: {=IFERROR(INDEX('Värde kostnader'!$J:$X,$C4+2,COLUMNS($J:J))/INDEX(Input!$G$5:$AE$5,COLUMNS($J:J)),"")} -> 0 | AA4: {=IFERROR(INDEX('Värde kostnader'!$J:$X,$C4+2,COLUMNS($J:K))/INDEX(Input!$G$5:$AE$5,COLUMNS($J:K)),"")} -> 0 | AB4: {=IFERROR(INDEX('Värde kostnader'!$J:$X,$C4+2,COLUMNS($J:L))/INDEX(Input!$G$5:$AE$5,COLUMNS($J:L)),"")} -> 0 | AC4: {=IFERROR(INDEX('Värde kostnader'!$J:$X,$C4+2,COLUMNS($J:M))/INDEX(Input!$G$5:$AE$5,COLUMNS($J:M)),"")} -> 0 | AD4: {=IFERROR(INDEX('Värde kostnader'!$J:$X,$C4+2,COLUMNS($J:N))/INDEX(Input!$G$5:$AE$5,COLUMNS($J:N)),"")} -> 0 | AE4: {=IFERROR(INDEX('Värde kostnader'!$J:$X,$C4+2,COLUMNS($J:O))/INDEX(Input!$G$5:$AE$5,COLUMNS($J:O)),"")} -> 0 | AF4: {=IFERROR(INDEX('Värde kostnader'!$J:$X,$C4+2,COLUMNS($J:P))/INDEX(Input!$G$5:$AE$5,COLUMNS($J:P)),"")} -> 0 | AG4: {=IFERROR(INDEX('Värde kostnader'!$J:$X,$C4+2,COLUMNS($J:Q))/INDEX(Input!$G$5:$AE$5,COLUMNS($J:Q)),"")} -> 0 | AH4: {=IFERROR(INDEX('Värde kostnader'!$J:$X,$C4+2,COLUMNS($J:R))/INDEX(Input!$G$5:$AE$5,COLUMNS($J:R)),"")} -> 0 | AI4: {=IFERROR(INDEX('Värde kostnader'!$J:$X,$C4+2,COLUMNS($J:S))/INDEX(Input!$G$5:$AE$5,COLUMNS($J:S)),"")} -> 0 | AJ4: {=IFERROR(INDEX('Värde kostnader'!$J:$X,$C4+2,COLUMNS($J:T))/INDEX(Input!$G$5:$AE$5,COLUMNS($J:T)),"")} -> 0 | AK4: {=IFERROR(INDEX('Värde kostnader'!$J:$X,$C4+2,COLUMNS($J:U))/INDEX(Input!$G$5:$AE$5,COLUMNS($J:U)),"")} -> 0 | AL4: {=IFERROR(INDEX('Värde kostnader'!$J:$X,$C4+2,COLUMNS($J:V))/INDEX(Input!$G$5:$AE$5,COLUMNS($J:V)),"")} -> 0 | AM4: {=IFERROR(INDEX('Värde kostnader'!$J:$X,$C4+2,COLUMNS($J:W))/INDEX(Input!$G$5:$AE$5,COLUMNS($J:W)),"")} -> 0 | AN4: {=IFERROR(INDEX('Värde kostnader'!$J:$X,$C4+2,COLUMNS($J:X))/INDEX(Input!$G$5:$AE$5,COLUMNS($J:X)),"")} -> 0 | AO4: =SUM(Z4:AN4) -> 0 | AP4: {=IFERROR(INDEX('Värde kostnader'!$J:$X,$C4+3,COLUMNS($J:J))/INDEX(Input!$G$5:$AE$5,COLUMNS($J:J)),"")} -> 0 | AQ4: {=IFERROR(INDEX('Värde kostnader'!$J:$X,$C4+3,COLUMNS($J:K))/INDEX(Input!$G$5:$AE$5,COLUMNS($J:K)),"")} -> 0 | AR4: {=IFERROR(INDEX('Värde kostnader'!$J:$X,$C4+3,COLUMNS($J:L))/INDEX(Input!$G$5:$AE$5,COLUMNS($J:L)),"")} -> 0 | AS4: {=IFERROR(INDEX('Värde kostnader'!$J:$X,$C4+3,COLUMNS($J:M))/INDEX(Input!$G$5:$AE$5,COLUMNS($J:M)),"")} -> 0 | AT4: {=IFERROR(INDEX('Värde kostnader'!$J:$X,$C4+3,COLUMNS($J:N))/INDEX(Input!$G$5:$AE$5,COLUMNS($J:N)),"")} -> 0 | AU4: {=IFERROR(INDEX('Värde kostnader'!$J:$X,$C4+3,COLUMNS($J:O))/INDEX(Input!$G$5:$AE$5,COLUMNS($J:O)),"")} -> 0 | AV4: {=IFERROR(INDEX('Värde kostnader'!$J:$X,$C4+3,COLUMNS($J:P))/INDEX(Input!$G$5:$AE$5,COLUMNS($J:P)),"")} -> 0 | AW4: {=IFERROR(INDEX('Värde kostnader'!$J:$X,$C4+3,COLUMNS($J:Q))/INDEX(Input!$G$5:$AE$5,COLUMNS($J:Q)),"")} -> 0 | AX4: {=IFERROR(INDEX('Värde kostnader'!$J:$X,$C4+3,COLUMNS($J:R))/INDEX(Input!$G$5:$AE$5,COLUMNS($J:R)),"")} -> 0 | AY4: {=IFERROR(INDEX('Värde kostnader'!$J:$X,$C4+3,COLUMNS($J:S))/INDEX(Input!$G$5:$AE$5,COLUMNS($J:S)),"")} -> 0 | AZ4: {=IFERROR(INDEX('Värde kostnader'!$J:$X,$C4+3,COLUMNS($J:T))/INDEX(Input!$G$5:$AE$5,COLUMNS($J:T)),"")} -> 0 | BA4: {=IFERROR(INDEX('Värde kostnader'!$J:$X,$C4+3,COLUMNS($J:U))/INDEX(Input!$G$5:$AE$5,COLUMNS($J:U)),"")} -> 0 | BB4: {=IFERROR(INDEX('Värde kostnader'!$J:$X,$C4+3,COLUMNS($J:V))/INDEX(Input!$G$5:$AE$5,COLUMNS($J:V)),"")} -> 0 | BC4: {=IFERROR(INDEX('Värde kostnader'!$J:$X,$C4+3,COLUMNS($J:W))/INDEX(Input!$G$5:$AE$5,COLUMNS($J:W)),"")} -> 0 | BD4: {=IFERROR(INDEX('Värde kostnader'!$J:$X,$C4+3,COLUMNS($J:X))/INDEX(Input!$G$5:$AE$5,COLUMNS($J:X)),"")} -> 0 | BE4: =SUM(AP4:BD4) -> 0
A5: ="K"&TEXT(ROWS($A$2:A5),"00") -> K04 | B5: =IFERROR(_xlfn.XMATCH($A5,'Värde kostnader'!$B:$B,0),"") -> 69 | C5: =IFERROR(_xlfn.XMATCH($A5,'Värde kostnader'!$I:$I,0),"") -> 80 | D5: {=IFERROR(INDEX('Värde kostnader'!$C:$C,$B5),"")} -> 0 | E5: {=IFERROR(INDEX('Värde kostnader'!$C:$C,$B5+1),"")} -> 0 | F5: {=IFERROR(INDEX('Värde kostnader'!$C:$C,$B5+2),"")} -> 0 | G5: =IF($D5=0,"","Värderad") | J5: {=IFERROR(INDEX('Värde kostnader'!$J:$X,$C5+1,COLUMNS($J:J))/INDEX(Input!$G$5:$AE$5,COLUMNS($J:J)),"")} -> 0 | K5: {=IFERROR(INDEX('Värde kostnader'!$J:$X,$C5+1,COLUMNS($J:K))/INDEX(Input!$G$5:$AE$5,COLUMNS($J:K)),"")} -> 0 | L5: {=IFERROR(INDEX('Värde kostnader'!$J:$X,$C5+1,COLUMNS($J:L))/INDEX(Input!$G$5:$AE$5,COLUMNS($J:L)),"")} -> 0 | M5: {=IFERROR(INDEX('Värde kostnader'!$J:$X,$C5+1,COLUMNS($J:M))/INDEX(Input!$G$5:$AE$5,COLUMNS($J:M)),"")} -> 0 | N5: {=IFERROR(INDEX('Värde kostnader'!$J:$X,$C5+1,COLUMNS($J:N))/INDEX(Input!$G$5:$AE$5,COLUMNS($J:N)),"")} -> 0 | O5: {=IFERROR(INDEX('Värde kostnader'!$J:$X,$C5+1,COLUMNS($J:O))/INDEX(Input!$G$5:$AE$5,COLUMNS($J:O)),"")} -> 0 | P5: {=IFERROR(INDEX('Värde kostnader'!$J:$X,$C5+1,COLUMNS($J:P))/INDEX(Input!$G$5:$AE$5,COLUMNS($J:P)),"")} -> 0 | Q5: {=IFERROR(INDEX('Värde kostnader'!$J:$X,$C5+1,COLUMNS($J:Q))/INDEX(Input!$G$5:$AE$5,COLUMNS($J:Q)),"")} -> 0 | R5: {=IFERROR(INDEX('Värde kostnader'!$J:$X,$C5+1,COLUMNS($J:R))/INDEX(Input!$G$5:$AE$5,COLUMNS($J:R)),"")} -> 0 | S5: {=IFERROR(INDEX('Värde kostnader'!$J:$X,$C5+1,COLUMNS($J:S))/INDEX(Input!$G$5:$AE$5,COLUMNS($J:S)),"")} -> 0 | T5: {=IFERROR(INDEX('Värde kostnader'!$J:$X,$C5+1,COLUMNS($J:T))/INDEX(Input!$G$5:$AE$5,COLUMNS($J:T)),"")} -> 0 | U5: {=IFERROR(INDEX('Värde kostnader'!$J:$X,$C5+1,COLUMNS($J:U))/INDEX(Input!$G$5:$AE$5,COLUMNS($J:U)),"")} -> 0 | V5: {=IFERROR(INDEX('Värde kostnader'!$J:$X,$C5+1,COLUMNS($J:V))/INDEX(Input!$G$5:$AE$5,COLUMNS($J:V)),"")} -> 0 | W5: {=IFERROR(INDEX('Värde kostnader'!$J:$X,$C5+1,COLUMNS($J:W))/INDEX(Input!$G$5:$AE$5,COLUMNS($J:W)),"")} -> 0 | X5: {=IFERROR(INDEX('Värde kostnader'!$J:$X,$C5+1,COLUMNS($J:X))/INDEX(Input!$G$5:$AE$5,COLUMNS($J:X)),"")} -> 0 | Y5: =SUM(J5:X5) -> 0 | Z5: {=IFERROR(INDEX('Värde kostnader'!$J:$X,$C5+2,COLUMNS($J:J))/INDEX(Input!$G$5:$AE$5,COLUMNS($J:J)),"")} -> 0 | AA5: {=IFERROR(INDEX('Värde kostnader'!$J:$X,$C5+2,COLUMNS($J:K))/INDEX(Input!$G$5:$AE$5,COLUMNS($J:K)),"")} -> 0 | AB5: {=IFERROR(INDEX('Värde kostnader'!$J:$X,$C5+2,COLUMNS($J:L))/INDEX(Input!$G$5:$AE$5,COLUMNS($J:L)),"")} -> 0 | AC5: {=IFERROR(INDEX('Värde kostnader'!$J:$X,$C5+2,COLUMNS($J:M))/INDEX(Input!$G$5:$AE$5,COLUMNS($J:M)),"")} -> 0 | AD5: {=IFERROR(INDEX('Värde kostnader'!$J:$X,$C5+2,COLUMNS($J:N))/INDEX(Input!$G$5:$AE$5,COLUMNS($J:N)),"")} -> 0 | AE5: {=IFERROR(INDEX('Värde kostnader'!$J:$X,$C5+2,COLUMNS($J:O))/INDEX(Input!$G$5:$AE$5,COLUMNS($J:O)),"")} -> 0 | AF5: {=IFERROR(INDEX('Värde kostnader'!$J:$X,$C5+2,COLUMNS($J:P))/INDEX(Input!$G$5:$AE$5,COLUMNS($J:P)),"")} -> 0 | AG5: {=IFERROR(INDEX('Värde kostnader'!$J:$X,$C5+2,COLUMNS($J:Q))/INDEX(Input!$G$5:$AE$5,COLUMNS($J:Q)),"")} -> 0 | AH5: {=IFERROR(INDEX('Värde kostnader'!$J:$X,$C5+2,COLUMNS($J:R))/INDEX(Input!$G$5:$AE$5,COLUMNS($J:R)),"")} -> 0 | AI5: {=IFERROR(INDEX('Värde kostnader'!$J:$X,$C5+2,COLUMNS($J:S))/INDEX(Input!$G$5:$AE$5,COLUMNS($J:S)),"")} -> 0 | AJ5: {=IFERROR(INDEX('Värde kostnader'!$J:$X,$C5+2,COLUMNS($J:T))/INDEX(Input!$G$5:$AE$5,COLUMNS($J:T)),"")} -> 0 | AK5: {=IFERROR(INDEX('Värde kostnader'!$J:$X,$C5+2,COLUMNS($J:U))/INDEX(Input!$G$5:$AE$5,COLUMNS($J:U)),"")} -> 0 | AL5: {=IFERROR(INDEX('Värde kostnader'!$J:$X,$C5+2,COLUMNS($J:V))/INDEX(Input!$G$5:$AE$5,COLUMNS($J:V)),"")} -> 0 | AM5: {=IFERROR(INDEX('Värde kostnader'!$J:$X,$C5+2,COLUMNS($J:W))/INDEX(Input!$G$5:$AE$5,COLUMNS($J:W)),"")} -> 0 | AN5: {=IFERROR(INDEX('Värde kostnader'!$J:$X,$C5+2,COLUMNS($J:X))/INDEX(Input!$G$5:$AE$5,COLUMNS($J:X)),"")} -> 0 | AO5: =SUM(Z5:AN5) -> 0 | AP5: {=IFERROR(INDEX('Värde kostnader'!$J:$X,$C5+3,COLUMNS($J:J))/INDEX(Input!$G$5:$AE$5,COLUMNS($J:J)),"")} -> 0 | AQ5: {=IFERROR(INDEX('Värde kostnader'!$J:$X,$C5+3,COLUMNS($J:K))/INDEX(Input!$G$5:$AE$5,COLUMNS($J:K)),"")} -> 0 | AR5: {=IFERROR(INDEX('Värde kostnader'!$J:$X,$C5+3,COLUMNS($J:L))/INDEX(Input!$G$5:$AE$5,COLUMNS($J:L)),"")} -> 0 | AS5: {=IFERROR(INDEX('Värde kostnader'!$J:$X,$C5+3,COLUMNS($J:M))/INDEX(Input!$G$5:$AE$5,COLUMNS($J:M)),"")} -> 0 | AT5: {=IFERROR(INDEX('Värde kostnader'!$J:$X,$C5+3,COLUMNS($J:N))/INDEX(Input!$G$5:$AE$5,COLUMNS($J:N)),"")} -> 0 | AU5: {=IFERROR(INDEX('Värde kostnader'!$J:$X,$C5+3,COLUMNS($J:O))/INDEX(Input!$G$5:$AE$5,COLUMNS($J:O)),"")} -> 0 | AV5: {=IFERROR(INDEX('Värde kostnader'!$J:$X,$C5+3,COLUMNS($J:P))/INDEX(Input!$G$5:$AE$5,COLUMNS($J:P)),"")} -> 0 | AW5: {=IFERROR(INDEX('Värde kostnader'!$J:$X,$C5+3,COLUMNS($J:Q))/INDEX(Input!$G$5:$AE$5,COLUMNS($J:Q)),"")} -> 0 | AX5: {=IFERROR(INDEX('Värde kostnader'!$J:$X,$C5+3,COLUMNS($J:R))/INDEX(Input!$G$5:$AE$5,COLUMNS($J:R)),"")} -> 0 | AY5: {=IFERROR(INDEX('Värde kostnader'!$J:$X,$C5+3,COLUMNS($J:S))/INDEX(Input!$G$5:$AE$5,COLUMNS($J:S)),"")} -> 0 | AZ5: {=IFERROR(INDEX('Värde kostnader'!$J:$X,$C5+3,COLUMNS($J:T))/INDEX(Input!$G$5:$AE$5,COLUMNS($J:T)),"")} -> 0 | BA5: {=IFERROR(INDEX('Värde kostnader'!$J:$X,$C5+3,COLUMNS($J:U))/INDEX(Input!$G$5:$AE$5,COLUMNS($J:U)),"")} -> 0 | BB5: {=IFERROR(INDEX('Värde kostnader'!$J:$X,$C5+3,COLUMNS($J:V))/INDEX(Input!$G$5:$AE$5,COLUMNS($J:V)),"")} -> 0 | BC5: {=IFERROR(INDEX('Värde kostnader'!$J:$X,$C5+3,COLUMNS($J:W))/INDEX(Input!$G$5:$AE$5,COLUMNS($J:W)),"")} -> 0 | BD5: {=IFERROR(INDEX('Värde kostnader'!$J:$X,$C5+3,COLUMNS($J:X))/INDEX(Input!$G$5:$AE$5,COLUMNS($J:X)),"")} -> 0 | BE5: =SUM(AP5:BD5) -> 0
